-- MySQL dump 10.13  Distrib 8.0.34, for Linux (x86_64)
--
-- Host: mysql    Database: otterhide
-- ------------------------------------------------------
-- Server version	8.0.34

/*!40101 SET @OLD_CHARACTER_SET_CLIENT=@@CHARACTER_SET_CLIENT */;
/*!40101 SET @OLD_CHARACTER_SET_RESULTS=@@CHARACTER_SET_RESULTS */;
/*!40101 SET @OLD_COLLATION_CONNECTION=@@COLLATION_CONNECTION */;
/*!50503 SET NAMES utf8mb4 */;
/*!40103 SET @OLD_TIME_ZONE=@@TIME_ZONE */;
/*!40103 SET TIME_ZONE='+00:00' */;
/*!40014 SET @OLD_UNIQUE_CHECKS=@@UNIQUE_CHECKS, UNIQUE_CHECKS=0 */;
/*!40014 SET @OLD_FOREIGN_KEY_CHECKS=@@FOREIGN_KEY_CHECKS, FOREIGN_KEY_CHECKS=0 */;
/*!40101 SET @OLD_SQL_MODE=@@SQL_MODE, SQL_MODE='NO_AUTO_VALUE_ON_ZERO' */;
/*!40111 SET @OLD_SQL_NOTES=@@SQL_NOTES, SQL_NOTES=0 */;

--
-- Current Database: `otterhide`
--

CREATE DATABASE /*!32312 IF NOT EXISTS*/ `otterhide` /*!40100 DEFAULT CHARACTER SET utf8mb4 COLLATE utf8mb4_0900_ai_ci */ /*!80016 DEFAULT ENCRYPTION='N' */;

USE `otterhide`;

--
-- Table structure for table `apartment`
--

DROP TABLE IF EXISTS `apartment`;
/*!40101 SET @saved_cs_client     = @@character_set_client */;
/*!50503 SET character_set_client = utf8mb4 */;
CREATE TABLE `apartment` (
  `number` int NOT NULL,
  `area` int NOT NULL,
  `house` int NOT NULL,
  `owner` int NOT NULL,
  `id` int NOT NULL AUTO_INCREMENT,
  PRIMARY KEY (`id`),
  KEY `house` (`house`),
  KEY `owner` (`owner`),
  CONSTRAINT `apartment_ibfk_1` FOREIGN KEY (`house`) REFERENCES `house` (`id`),
  CONSTRAINT `apartment_ibfk_2` FOREIGN KEY (`owner`) REFERENCES `person` (`id`)
) ENGINE=InnoDB AUTO_INCREMENT=2137 DEFAULT CHARSET=utf8mb4 COLLATE=utf8mb4_0900_ai_ci;
/*!40101 SET character_set_client = @saved_cs_client */;

--
-- Dumping data for table `apartment`
--

LOCK TABLES `apartment` WRITE;
/*!40000 ALTER TABLE `apartment` DISABLE KEYS */;
INSERT INTO `apartment` VALUES (1,85,136,830,1),(2,60,136,830,2),(3,68,136,830,3),(4,48,136,830,4),(5,89,136,830,5),(6,103,136,830,6),(7,68,136,830,7),(8,47,136,830,8),(9,33,136,830,9),(1,114,137,830,16),(2,43,137,830,17),(3,81,137,830,18),(4,105,137,830,19),(5,90,137,830,20),(6,22,137,830,21),(7,74,137,830,22),(8,56,137,830,23),(9,53,137,830,24),(10,17,137,830,25),(11,50,137,830,26),(12,96,137,830,27),(13,90,137,830,28),(14,71,137,830,29),(15,34,137,830,30),(16,91,137,830,31),(17,85,137,830,32),(18,20,137,830,33),(19,113,137,830,34),(20,71,137,830,35),(1,112,138,830,47),(2,39,138,830,48),(3,44,138,830,49),(4,28,138,830,50),(5,105,138,830,51),(6,47,138,830,52),(7,26,138,830,53),(8,16,138,830,54),(9,97,138,830,55),(10,68,138,830,56),(11,98,138,830,57),(12,96,138,830,58),(13,36,138,830,59),(14,83,138,830,60),(15,96,138,830,61),(1,63,139,830,62),(2,37,139,830,63),(3,42,139,830,64),(4,88,139,830,65),(1,21,140,496,69),(2,86,140,270,70),(3,38,140,264,71),(4,36,140,313,72),(5,40,140,601,73),(6,114,140,778,74),(7,110,140,351,75),(8,75,140,831,76),(9,61,140,712,77),(10,48,140,406,78),(11,94,140,302,79),(12,54,140,774,80),(13,81,140,277,81),(14,79,140,686,82),(15,99,140,776,83),(16,27,140,451,84),(17,94,140,148,85),(18,108,140,559,86),(1,85,126,830,100),(2,16,126,830,101),(3,112,126,830,102),(4,67,126,830,103),(5,92,126,830,104),(6,75,126,830,105),(7,67,126,830,106),(8,30,126,830,107),(9,112,126,830,108),(10,72,126,830,109),(11,49,126,830,110),(12,101,126,830,111),(13,37,126,830,112),(14,52,126,830,113),(15,42,126,830,114),(16,22,126,830,115),(17,57,126,830,116),(18,23,126,830,117),(19,17,126,830,118),(20,59,126,830,119),(1,16,127,830,131),(1,105,128,830,132),(2,75,128,830,133),(3,48,128,830,134),(4,19,128,830,135),(5,55,128,830,136),(6,44,128,830,137),(1,57,129,830,139),(2,105,129,830,140),(3,108,129,597,141),(4,41,129,830,142),(5,17,129,830,143),(6,93,129,830,144),(7,44,129,830,145),(8,39,129,830,146),(9,38,129,830,147),(10,96,129,830,148),(1,48,130,547,154),(2,97,130,389,155),(3,83,130,220,156),(4,69,130,665,157),(1,58,48,830,161),(2,63,48,830,162),(3,24,48,830,163),(4,63,48,830,164),(5,100,48,830,165),(6,53,48,830,166),(7,79,48,830,167),(8,33,48,830,168),(9,72,48,830,169),(10,57,48,830,170),(11,80,48,830,171),(12,71,48,830,172),(13,93,48,830,173),(14,111,48,830,174),(15,61,48,830,175),(16,34,48,830,176),(1,43,49,830,192),(2,27,49,830,193),(1,19,50,830,195),(2,101,50,830,196),(3,64,50,830,197),(4,84,50,830,198),(5,80,50,830,199),(6,52,50,830,200),(7,59,50,830,201),(8,97,50,830,202),(9,69,50,830,203),(10,23,50,801,204),(11,114,50,657,205),(12,94,50,665,206),(13,108,50,830,207),(14,40,50,222,208),(1,100,82,665,210),(2,98,82,830,211),(3,99,82,830,212),(4,30,82,830,213),(5,106,82,830,214),(6,92,82,830,215),(1,54,83,830,217),(2,87,83,830,218),(3,47,83,830,219),(4,40,83,830,220),(5,104,83,830,221),(6,42,83,830,222),(7,18,83,830,223),(8,33,83,830,224),(9,40,83,830,225),(10,27,83,830,226),(11,73,83,830,227),(12,51,83,830,228),(13,55,83,830,229),(14,73,83,830,230),(15,34,83,830,231),(1,80,84,830,232),(2,114,84,830,233),(3,107,84,830,234),(4,46,84,830,235),(5,36,84,830,236),(6,102,84,830,237),(7,18,84,830,238),(8,112,84,830,239),(9,17,84,830,240),(10,31,84,830,241),(11,71,84,830,242),(12,44,84,830,243),(1,44,85,830,247),(1,46,86,830,248),(2,28,86,830,249),(3,100,86,830,250),(4,67,86,830,251),(1,72,87,830,255),(2,38,87,830,256),(3,24,87,830,257),(4,66,87,830,258),(5,78,87,830,259),(6,15,87,830,260),(7,64,87,830,261),(8,94,87,830,262),(9,45,87,830,263),(10,42,87,830,264),(11,90,87,830,265),(12,17,87,830,266),(13,66,87,830,267),(14,69,87,830,268),(15,45,87,830,269),(1,114,88,830,270),(2,77,88,830,271),(3,63,88,830,272),(4,62,88,830,273),(5,52,88,830,274),(6,52,88,830,275),(7,73,88,830,276),(8,83,88,830,277),(9,32,88,830,278),(10,105,88,830,279),(11,17,88,830,280),(12,113,88,830,281),(13,67,88,830,282),(14,70,88,830,283),(15,68,88,830,284),(16,35,88,830,285),(17,109,88,830,286),(18,15,88,830,287),(1,20,89,830,301),(2,87,89,830,302),(3,15,89,830,303),(4,37,89,830,304),(5,105,89,830,305),(1,111,90,830,308),(2,107,90,830,309),(1,40,91,830,311),(2,75,91,830,312),(3,21,91,830,313),(4,23,91,830,314),(5,73,91,830,315),(6,69,91,830,316),(7,38,91,830,317),(8,106,91,830,318),(1,113,92,830,326),(2,52,92,830,327),(3,20,92,830,328),(4,108,92,830,329),(5,73,92,830,330),(6,109,92,830,331),(7,29,92,830,332),(8,42,92,830,333),(9,113,92,830,334),(10,15,92,830,335),(11,64,92,830,336),(12,51,92,830,337),(13,56,92,830,338),(14,67,92,830,339),(15,97,92,830,340),(16,113,92,830,341),(17,27,92,830,342),(18,37,92,830,343),(1,16,93,830,357),(2,27,93,830,358),(3,18,93,830,359),(4,17,93,830,360),(5,94,93,830,361),(1,35,94,830,364),(2,81,94,830,365),(3,90,94,830,366),(4,43,94,830,367),(5,62,94,830,368),(6,41,94,830,369),(7,34,94,830,370),(8,113,94,830,371),(9,36,94,830,372),(10,37,94,830,373),(11,39,94,830,374),(1,81,95,929,379),(2,62,95,23,380),(3,81,95,811,381),(4,56,95,874,382),(5,17,95,830,383),(6,82,95,979,384),(7,114,95,610,385),(8,53,95,776,386),(9,108,95,830,387),(10,99,95,28,388),(11,55,95,830,389),(12,42,95,337,390),(13,114,95,830,391),(14,50,95,611,392),(15,74,95,306,393),(16,82,95,358,394),(17,25,95,830,395),(18,90,95,283,396),(19,41,95,312,397),(1,108,111,830,410),(2,110,111,830,411),(3,52,111,830,412),(4,73,111,830,413),(5,73,111,830,414),(6,21,111,830,415),(7,55,111,830,416),(8,83,111,830,417),(9,104,111,830,418),(10,105,111,830,419),(11,16,111,830,420),(12,69,111,830,421),(13,114,111,830,422),(14,108,111,830,423),(15,17,111,830,424),(1,51,112,830,425),(2,92,112,830,426),(3,85,112,830,427),(4,97,112,830,428),(5,31,112,830,429),(6,56,112,830,430),(7,81,112,830,431),(8,97,112,830,432),(1,113,113,830,440),(2,48,113,830,441),(3,52,113,830,442),(4,31,113,830,443),(5,45,113,830,444),(6,65,113,830,445),(7,81,113,830,446),(8,57,113,830,447),(1,65,114,830,455),(2,26,114,830,456),(3,15,114,830,457),(4,20,114,830,458),(5,83,114,830,459),(6,80,114,830,460),(7,88,114,830,461),(8,95,114,830,462),(9,79,114,830,463),(10,108,114,830,464),(11,56,114,830,465),(12,93,114,830,466),(13,70,114,830,467),(14,105,114,830,468),(15,67,114,830,469),(1,107,115,830,470),(2,77,115,929,471),(3,56,115,830,472),(4,21,115,830,473),(5,113,115,830,474),(6,16,115,791,475),(7,20,115,830,476),(8,87,115,830,477),(9,82,115,830,478),(10,40,115,830,479),(11,50,115,830,480),(12,84,115,830,481),(13,29,115,830,482),(14,68,115,830,483),(15,36,115,632,484),(16,40,115,876,485),(1,83,131,830,501),(2,16,131,830,502),(3,39,131,830,503),(4,19,131,830,504),(5,87,131,830,505),(6,61,131,830,506),(7,85,131,830,507),(8,46,131,830,508),(9,58,131,830,509),(10,82,131,830,510),(1,107,132,830,516),(2,64,132,830,517),(3,78,132,830,518),(4,87,132,830,519),(5,68,132,830,520),(6,82,132,830,521),(7,17,132,830,522),(8,44,132,830,523),(9,91,132,830,524),(10,58,132,830,525),(11,24,132,830,526),(12,114,132,830,527),(13,92,132,830,528),(14,69,132,830,529),(15,36,132,830,530),(16,90,132,830,531),(1,57,133,830,547),(2,28,133,830,548),(3,64,133,830,549),(4,17,133,830,550),(5,40,133,830,551),(6,87,133,830,552),(7,75,133,830,553),(8,59,133,830,554),(9,19,133,830,555),(10,80,133,830,556),(11,52,133,830,557),(12,108,133,830,558),(13,97,133,830,559),(14,43,133,830,560),(1,50,134,830,562),(2,18,134,830,563),(3,48,134,830,564),(4,90,134,830,565),(5,43,134,830,566),(6,78,134,830,567),(7,54,134,830,568),(8,26,134,830,569),(1,82,135,830,577),(2,88,135,830,578),(3,15,135,830,579),(4,113,135,830,580),(5,82,135,830,581),(6,38,135,830,582),(7,23,135,830,583),(8,105,135,830,584),(9,48,135,830,585),(10,48,135,830,586),(11,24,135,830,587),(12,52,135,830,588),(13,65,135,830,589),(14,36,135,830,590),(15,110,135,830,591),(16,37,135,830,592),(1,74,19,309,608),(2,45,19,856,609),(3,65,19,830,610),(4,60,19,830,611),(1,72,20,830,615),(2,55,20,830,616),(3,66,20,830,617),(4,111,20,830,618),(5,56,20,830,619),(6,15,20,830,620),(7,57,20,830,621),(8,17,20,830,622),(9,93,20,830,623),(10,51,20,830,624),(11,27,20,830,625),(12,33,20,830,626),(13,21,20,830,627),(14,29,20,830,628),(15,57,20,830,629),(1,71,21,830,630),(2,74,21,830,631),(3,29,21,830,632),(4,59,21,830,633),(5,64,21,830,634),(6,71,21,830,635),(7,41,21,830,636),(8,77,21,830,637),(9,101,21,830,638),(10,97,21,830,639),(11,61,21,830,640),(1,29,22,830,645),(2,95,22,830,646),(3,69,22,830,647),(4,34,22,665,648),(5,48,22,830,649),(6,83,22,830,650),(7,51,22,830,651),(8,16,22,830,652),(9,112,22,830,653),(10,81,22,830,654),(11,95,22,830,655),(12,105,22,830,656),(13,61,22,830,657),(14,113,22,830,658),(15,31,22,830,659),(16,110,22,830,660),(17,46,22,830,661),(1,102,23,830,676),(2,66,23,830,677),(3,82,23,830,678),(1,49,24,830,679),(2,48,24,830,680),(3,87,24,830,681),(4,38,24,830,682),(5,46,24,830,683),(6,24,24,830,684),(7,26,24,830,685),(8,63,24,830,686),(9,47,24,830,687),(10,70,24,830,688),(11,95,24,830,689),(12,106,24,830,690),(13,47,24,830,691),(14,53,24,830,692),(1,80,25,830,694),(2,78,25,830,695),(3,59,25,830,696),(4,77,25,830,697),(5,37,25,830,698),(6,49,25,830,699),(7,32,25,830,700),(8,99,25,830,701),(9,15,25,830,702),(10,15,25,830,703),(11,98,25,830,704),(12,53,25,830,705),(13,80,25,830,706),(1,79,26,982,709),(2,53,26,830,710),(3,26,26,830,711),(4,104,26,830,712),(5,73,26,830,713),(6,90,26,830,714),(7,62,26,830,715),(8,48,26,830,716),(9,96,26,830,717),(10,74,26,830,718),(11,110,26,830,719),(1,93,121,830,724),(2,71,121,830,725),(3,61,121,830,726),(4,18,121,830,727),(5,40,121,830,728),(6,97,121,830,729),(7,68,121,830,730),(8,113,121,830,731),(9,58,121,830,732),(10,105,121,830,733),(11,48,121,830,734),(12,15,121,830,735),(13,99,121,830,736),(14,39,121,830,737),(15,58,121,830,738),(1,73,122,830,739),(2,42,122,830,740),(3,25,122,830,741),(4,103,122,830,742),(5,33,122,830,743),(6,77,122,830,744),(7,63,122,830,745),(8,73,122,830,746),(9,49,122,830,747),(10,78,122,830,748),(11,15,122,830,749),(12,33,122,830,750),(13,22,122,830,751),(14,64,122,830,752),(1,49,123,830,754),(2,114,123,830,755),(3,46,123,830,756),(4,69,123,830,757),(5,84,123,830,758),(6,66,123,830,759),(7,86,123,830,760),(8,31,123,830,761),(9,97,123,830,762),(10,26,123,830,763),(11,106,123,830,764),(12,96,123,830,765),(13,47,123,830,766),(14,39,123,830,767),(15,111,123,929,768),(16,26,123,665,769),(17,43,123,830,770),(18,56,123,830,771),(1,66,124,830,785),(2,67,124,830,786),(3,97,124,830,787),(1,36,125,830,788),(2,71,125,830,789),(3,54,125,830,790),(4,19,125,830,791),(5,83,125,830,792),(6,99,125,830,793),(7,25,125,830,794),(8,85,125,635,795),(9,90,125,830,796),(10,106,125,710,797),(11,92,125,830,798),(12,109,125,638,799),(13,32,125,830,800),(14,62,125,830,801),(15,39,125,830,802),(1,93,96,830,803),(2,107,96,830,804),(3,74,96,830,805),(4,48,96,830,806),(5,56,96,665,807),(6,35,96,830,808),(7,15,96,830,809),(8,65,96,830,810),(9,112,96,830,811),(10,87,96,830,812),(1,25,97,830,818),(2,25,97,830,819),(3,22,97,830,820),(4,101,97,830,821),(5,86,97,830,822),(6,112,97,830,823),(7,82,97,830,824),(8,93,97,830,825),(9,59,97,830,826),(10,49,97,830,827),(11,101,97,830,828),(12,89,97,830,829),(13,112,97,830,830),(14,67,97,830,831),(15,27,97,830,832),(16,69,97,830,833),(17,56,97,830,834),(18,108,97,830,835),(19,83,97,830,836),(1,53,98,830,849),(2,43,98,830,850),(3,73,98,830,851),(4,69,98,830,852),(5,64,98,830,853),(6,20,98,830,854),(7,62,98,830,855),(8,95,98,830,856),(9,50,98,830,857),(10,31,98,830,858),(11,46,98,830,859),(12,75,98,830,860),(13,33,98,830,861),(1,96,99,830,864),(2,91,99,830,865),(3,54,99,830,866),(4,97,99,830,867),(1,101,100,830,871),(2,42,100,830,872),(3,82,100,830,873),(4,44,100,830,874),(1,43,51,830,878),(2,94,51,830,879),(3,41,51,830,880),(4,42,51,830,881),(5,98,51,830,882),(6,101,51,830,883),(7,95,51,830,884),(8,41,51,830,885),(1,18,52,830,893),(2,49,52,830,894),(3,15,52,830,895),(4,75,52,830,896),(5,50,52,830,897),(6,70,52,830,898),(7,23,52,830,899),(8,46,52,830,900),(9,47,52,830,901),(10,39,52,830,902),(11,67,52,830,903),(12,36,52,830,904),(13,83,52,830,905),(14,41,52,830,906),(15,108,52,830,907),(1,64,53,830,908),(1,57,54,830,909),(2,44,54,830,910),(1,88,55,830,912),(2,16,55,756,913),(3,18,55,830,914),(4,49,55,830,915),(5,45,55,830,916),(6,45,55,830,917),(7,76,55,896,918),(8,53,55,590,919),(9,98,55,830,920),(10,94,55,830,921),(11,43,55,189,922),(12,89,55,673,923),(13,39,55,830,924),(14,16,55,830,925),(15,15,55,202,926),(16,48,55,81,927),(17,114,55,830,928),(1,57,56,830,943),(2,22,56,830,944),(3,73,56,830,945),(4,102,56,830,946),(1,38,57,830,950),(2,22,57,830,951),(3,72,57,830,952),(4,49,57,830,953),(5,38,57,830,954),(6,36,57,830,955),(7,81,57,830,956),(8,102,57,830,957),(9,61,57,830,958),(10,17,57,830,959),(11,84,57,830,960),(12,26,57,830,961),(13,84,57,830,962),(14,45,57,830,963),(15,28,57,830,964),(16,38,57,830,965),(17,82,57,830,966),(18,68,57,830,967),(19,38,57,830,968),(20,48,57,830,969),(1,23,58,830,981),(2,113,58,830,982),(3,65,58,830,983),(4,32,58,830,984),(5,78,58,830,985),(6,64,58,830,986),(7,50,58,830,987),(8,93,58,830,988),(9,110,58,830,989),(10,20,58,830,990),(11,99,58,830,991),(12,30,58,830,992),(1,23,1,830,996),(2,50,1,830,997),(1,16,2,830,999),(2,92,2,830,1000),(1,95,3,830,1002),(2,69,3,830,1003),(3,27,3,830,1004),(1,68,4,830,1005),(2,33,4,830,1006),(3,102,4,830,1007),(4,61,4,830,1008),(5,72,4,830,1009),(6,77,4,830,1010),(7,74,4,830,1011),(1,73,5,830,1012),(2,79,5,830,1013),(3,39,5,830,1014),(4,37,5,830,1015),(5,59,5,830,1016),(6,50,5,830,1017),(7,59,5,830,1018),(8,79,5,830,1019),(9,25,5,830,1020),(10,37,5,830,1021),(11,42,5,830,1022),(1,68,6,830,1027),(2,19,6,830,1028),(3,29,6,830,1029),(4,100,6,830,1030),(5,48,6,830,1031),(6,93,6,830,1032),(7,61,6,830,1033),(8,39,6,830,1034),(9,18,6,830,1035),(10,21,6,830,1036),(1,15,7,830,1042),(2,86,7,830,1043),(3,85,7,830,1044),(4,111,7,830,1045),(5,33,7,830,1046),(6,55,7,830,1047),(7,30,7,830,1048),(8,114,7,830,1049),(9,40,7,830,1050),(10,55,7,830,1051),(11,107,7,830,1052),(12,31,7,830,1053),(13,29,7,830,1054),(14,85,7,830,1055),(15,24,7,830,1056),(16,92,7,830,1057),(1,72,8,830,1073),(2,70,8,830,1074),(3,19,8,830,1075),(4,71,8,830,1076),(5,58,8,416,1077),(6,60,8,830,1078),(7,90,8,830,1079),(8,50,8,830,1080),(9,98,8,830,1081),(10,65,8,830,1082),(11,105,8,830,1083),(12,113,8,830,1084),(13,45,8,830,1085),(14,80,8,830,1086),(15,109,8,830,1087),(16,35,8,830,1088),(17,24,8,830,1089),(1,69,9,830,1104),(2,18,9,830,1105),(3,33,9,830,1106),(4,58,9,830,1107),(5,100,9,830,1108),(6,53,9,830,1109),(7,36,9,830,1110),(8,33,9,830,1111),(9,55,9,830,1112),(10,80,9,416,1113),(11,46,9,830,1114),(12,49,9,830,1115),(13,17,9,830,1116),(14,110,9,830,1117),(15,74,9,830,1118),(16,98,9,830,1119),(17,25,9,830,1120),(18,17,9,830,1121),(19,92,9,830,1122),(1,38,10,830,1135),(2,42,10,830,1136),(3,83,10,830,1137),(4,55,10,830,1138),(1,79,11,830,1142),(2,71,11,830,1143),(3,25,11,830,1144),(4,52,11,830,1145),(5,93,11,830,1146),(6,102,11,830,1147),(7,102,11,830,1148),(8,72,11,830,1149),(9,85,11,830,1150),(10,96,11,830,1151),(11,82,11,830,1152),(12,65,11,830,1153),(13,16,11,665,1154),(14,75,11,830,1155),(1,91,12,830,1157),(2,39,12,665,1158),(3,87,12,830,1159),(4,108,12,830,1160),(5,90,12,830,1161),(6,105,12,830,1162),(1,44,13,830,1164),(2,107,13,830,1165),(3,59,13,830,1166),(4,67,13,830,1167),(5,54,13,830,1168),(6,35,13,830,1169),(7,44,13,830,1170),(8,40,13,830,1171),(9,73,13,830,1172),(10,101,13,830,1173),(11,73,13,830,1174),(12,62,13,578,1175),(13,68,13,830,1176),(14,86,13,830,1177),(1,35,14,830,1179),(2,47,14,830,1180),(3,46,14,416,1181),(4,54,14,830,1182),(5,51,14,830,1183),(6,53,14,830,1184),(7,21,14,830,1185),(1,99,15,830,1186),(2,70,15,830,1187),(3,35,15,830,1188),(4,62,15,830,1189),(5,105,15,830,1190),(6,25,15,830,1191),(7,107,15,830,1192),(8,18,15,830,1193),(9,56,15,830,1194),(10,18,15,830,1195),(11,35,15,830,1196),(12,47,15,830,1197),(13,33,15,830,1198),(14,76,15,830,1199),(1,68,16,830,1201),(2,37,16,830,1202),(1,64,17,830,1204),(2,93,17,830,1205),(3,75,17,830,1206),(4,84,17,830,1207),(5,86,17,830,1208),(6,95,17,830,1209),(7,83,17,858,1210),(8,24,17,830,1211),(1,21,18,830,1219),(2,113,18,830,1220),(3,86,18,329,1221),(4,68,18,830,1222),(5,33,18,830,1223),(6,111,18,830,1224),(7,71,18,830,1225),(8,108,18,136,1226),(9,70,18,256,1227),(10,105,18,830,1228),(11,111,18,830,1229),(12,73,18,325,1230),(13,65,18,537,1231),(1,82,77,830,1234),(2,43,77,830,1235),(3,111,77,830,1236),(4,110,77,830,1237),(1,19,78,830,1241),(2,94,78,830,1242),(3,101,78,830,1243),(4,44,78,830,1244),(1,106,79,830,1248),(2,35,79,830,1249),(3,43,79,830,1250),(4,72,79,830,1251),(1,15,80,809,1255),(2,111,80,424,1256),(3,47,80,830,1257),(1,114,81,830,1258),(2,44,81,830,1259),(3,42,81,830,1260),(4,51,81,830,1261),(5,61,81,830,1262),(6,51,81,830,1263),(7,26,81,830,1264),(1,15,33,830,1265),(2,24,33,830,1266),(3,28,33,830,1267),(4,75,33,830,1268),(5,68,33,830,1269),(1,64,34,830,1272),(2,109,34,830,1273),(1,24,35,830,1275),(2,88,35,830,1276),(3,30,35,830,1277),(4,22,35,830,1278),(5,75,35,830,1279),(6,55,35,830,1280),(7,30,35,665,1281),(8,45,35,830,1282),(9,79,35,830,1283),(10,96,35,830,1284),(11,23,35,665,1285),(12,41,35,830,1286),(13,104,35,830,1287),(14,106,35,830,1288),(15,47,35,830,1289),(16,15,35,830,1290),(17,20,35,109,1291),(18,82,35,830,1292),(19,105,35,830,1293),(1,92,36,218,1306),(2,107,36,830,1307),(3,36,36,277,1308),(4,95,36,242,1309),(5,52,36,830,1310),(6,91,36,254,1311),(7,72,36,50,1312),(8,91,36,185,1313),(9,111,36,830,1314),(10,72,36,486,1315),(11,63,36,830,1316),(12,65,36,830,1317),(1,93,37,830,1321),(2,48,37,830,1322),(3,104,37,830,1323),(4,20,37,830,1324),(1,26,38,830,1328),(2,32,38,830,1329),(3,107,38,830,1330),(4,88,38,830,1331),(5,110,38,830,1332),(6,100,38,830,1333),(7,20,38,830,1334),(8,106,38,830,1335),(9,85,38,830,1336),(1,24,39,830,1343),(2,59,39,830,1344),(3,46,39,830,1345),(4,100,39,830,1346),(5,57,39,830,1347),(6,80,39,830,1348),(7,85,39,830,1349),(8,59,39,830,1350),(9,61,39,830,1351),(10,44,39,830,1352),(11,99,39,830,1353),(12,31,39,830,1354),(13,43,39,830,1355),(14,25,39,830,1356),(15,102,39,830,1357),(16,57,39,830,1358),(17,23,39,830,1359),(18,88,39,830,1360),(19,16,39,830,1361),(20,96,39,830,1362),(1,37,40,830,1374),(2,68,40,830,1375),(3,61,40,830,1376),(4,102,40,830,1377),(5,27,40,830,1378),(6,53,40,830,1379),(7,110,40,830,1380),(8,81,40,830,1381),(9,39,40,830,1382),(10,62,40,830,1383),(11,72,40,830,1384),(12,70,40,830,1385),(13,91,40,830,1386),(14,112,40,830,1387),(15,71,40,830,1388),(16,99,40,830,1389),(17,46,40,706,1390),(18,88,40,830,1391),(19,24,40,830,1392),(1,75,41,830,1405),(2,41,41,406,1406),(3,65,41,830,1407),(4,66,41,830,1408),(5,45,41,888,1409),(6,22,41,830,1410),(7,71,41,830,1411),(8,57,41,830,1412),(9,25,41,830,1413),(10,28,41,830,1414),(11,114,41,830,1415),(12,51,41,830,1416),(13,80,41,188,1417),(14,113,41,830,1418),(1,107,42,830,1420),(2,79,42,830,1421),(3,43,42,830,1422),(4,76,42,830,1423),(5,85,42,830,1424),(6,32,42,830,1425),(7,85,42,830,1426),(8,62,42,830,1427),(9,81,42,830,1428),(1,44,65,744,1435),(2,106,65,830,1436),(3,72,65,641,1437),(4,91,65,830,1438),(5,19,65,830,1439),(6,66,65,830,1440),(7,96,65,830,1441),(8,88,65,782,1442),(9,63,65,830,1443),(10,96,65,830,1444),(11,21,65,830,1445),(12,67,65,830,1446),(13,97,65,830,1447),(14,62,65,830,1448),(1,46,66,830,1450),(2,24,66,830,1451),(3,87,66,830,1452),(4,28,66,830,1453),(5,19,66,830,1454),(6,90,66,830,1455),(7,45,66,830,1456),(8,72,66,830,1457),(9,21,66,830,1458),(10,46,66,830,1459),(11,65,66,830,1460),(12,57,66,830,1461),(13,59,66,830,1462),(1,67,67,830,1465),(2,51,67,830,1466),(3,21,67,830,1467),(4,98,67,830,1468),(5,64,67,830,1469),(6,34,67,830,1470),(7,55,67,830,1471),(8,83,67,830,1472),(9,53,67,830,1473),(10,16,67,830,1474),(11,41,67,830,1475),(12,92,67,830,1476),(13,35,67,830,1477),(14,72,67,830,1478),(15,34,67,830,1479),(16,56,67,830,1480),(17,69,67,830,1481),(18,51,67,830,1482),(1,106,68,830,1496),(2,51,68,830,1497),(3,102,68,830,1498),(4,31,68,830,1499),(5,77,68,830,1500),(6,70,68,830,1501),(7,112,68,830,1502),(8,37,68,830,1503),(9,101,68,830,1504),(10,97,68,830,1505),(11,62,68,830,1506),(12,46,68,830,1507),(13,30,68,830,1508),(14,64,68,830,1509),(1,86,69,830,1511),(2,78,69,830,1512),(3,40,69,830,1513),(4,49,69,830,1514),(5,98,69,830,1515),(6,92,69,830,1516),(7,77,69,830,1517),(8,86,69,830,1518),(9,106,69,830,1519),(10,106,69,166,1520),(11,91,69,830,1521),(1,50,70,873,1526),(2,66,70,275,1527),(3,16,70,647,1528),(4,114,70,830,1529),(5,101,70,29,1530),(1,92,71,830,1533),(2,25,71,830,1534),(3,54,71,830,1535),(4,61,71,830,1536),(5,63,71,830,1537),(6,21,71,830,1538),(7,87,71,830,1539),(8,87,71,830,1540),(9,15,71,830,1541),(10,72,71,830,1542),(11,69,71,830,1543),(12,85,71,830,1544),(13,24,71,830,1545),(14,26,71,830,1546),(15,88,71,830,1547),(16,81,71,830,1548),(17,30,71,830,1549),(18,64,71,830,1550),(19,77,71,830,1551),(1,60,72,830,1564),(2,95,72,830,1565),(3,72,72,830,1566),(4,111,72,830,1567),(5,24,72,830,1568),(6,61,72,830,1569),(7,15,72,830,1570),(8,28,72,665,1571),(9,37,72,830,1572),(10,65,72,830,1573),(11,42,72,830,1574),(12,22,72,830,1575),(13,17,72,830,1576),(14,106,72,830,1577),(15,33,72,830,1578),(16,81,72,830,1579),(1,104,73,830,1595),(2,91,73,830,1596),(3,111,73,830,1597),(1,55,74,830,1598),(2,85,74,830,1599),(3,79,74,830,1600),(4,63,74,830,1601),(5,54,74,830,1602),(6,90,74,830,1603),(7,27,74,830,1604),(8,19,74,830,1605),(9,40,74,830,1606),(10,104,74,830,1607),(11,22,74,830,1608),(12,87,74,830,1609),(13,102,74,830,1610),(14,69,74,830,1611),(15,100,74,830,1612),(16,24,74,830,1613),(17,44,74,830,1614),(1,82,75,830,1629),(2,84,75,156,1630),(3,35,75,830,1631),(4,82,75,424,1632),(5,113,75,830,1633),(6,102,75,828,1634),(7,54,75,830,1635),(8,26,75,830,1636),(9,106,75,830,1637),(10,89,75,830,1638),(11,32,75,232,1639),(12,15,75,830,1640),(13,62,75,830,1641),(14,43,75,830,1642),(15,51,75,830,1643),(16,97,75,830,1644),(17,107,75,830,1645),(18,23,75,18,1646),(19,99,75,830,1647),(20,102,75,830,1648),(1,49,76,830,1660),(2,31,76,830,1661),(3,36,76,830,1662),(4,39,76,830,1663),(5,43,76,830,1664),(6,96,76,830,1665),(7,86,76,830,1666),(8,67,76,830,1667),(1,77,59,830,1675),(2,51,59,830,1676),(3,87,59,830,1677),(4,59,59,955,1678),(5,90,59,830,1679),(6,76,59,830,1680),(7,28,59,830,1681),(8,67,59,830,1682),(9,88,59,830,1683),(10,54,59,830,1684),(11,111,59,830,1685),(12,65,59,830,1686),(13,62,59,830,1687),(1,102,60,175,1690),(2,31,60,830,1691),(3,80,60,682,1692),(4,92,60,652,1693),(5,62,60,665,1694),(6,49,60,149,1695),(7,68,60,261,1696),(8,54,60,25,1697),(1,38,61,830,1705),(2,28,61,830,1706),(3,112,61,830,1707),(4,37,61,830,1708),(5,20,61,830,1709),(6,64,61,830,1710),(7,109,61,830,1711),(8,52,61,830,1712),(9,71,61,830,1713),(10,56,61,830,1714),(11,53,61,830,1715),(12,29,61,830,1716),(13,23,61,830,1717),(14,79,61,830,1718),(15,26,61,830,1719),(16,35,61,830,1720),(17,53,61,830,1721),(1,73,62,830,1736),(2,52,62,830,1737),(3,95,62,830,1738),(1,45,63,830,1739),(1,23,64,830,1740),(2,33,64,193,1741),(3,87,64,830,1742),(4,37,64,830,1743),(5,60,64,830,1744),(6,52,64,830,1745),(7,15,64,830,1746),(8,55,64,830,1747),(9,92,64,830,1748),(1,71,27,830,1755),(2,68,27,830,1756),(3,30,27,830,1757),(4,66,27,830,1758),(5,19,27,830,1759),(6,48,27,830,1760),(7,20,27,830,1761),(8,56,27,830,1762),(9,96,27,830,1763),(10,100,27,830,1764),(11,100,27,830,1765),(1,44,28,830,1770),(2,111,28,830,1771),(3,15,28,830,1772),(4,49,28,830,1773),(5,15,28,830,1774),(6,39,28,830,1775),(7,63,28,830,1776),(1,92,29,830,1777),(2,35,29,830,1778),(3,75,29,830,1779),(4,96,29,830,1780),(5,86,29,830,1781),(6,82,29,830,1782),(7,40,29,830,1783),(8,58,29,830,1784),(9,100,29,830,1785),(10,74,29,830,1786),(11,23,29,830,1787),(12,58,29,830,1788),(1,64,30,830,1792),(2,37,30,830,1793),(3,35,30,830,1794),(4,60,30,830,1795),(5,33,30,830,1796),(6,29,30,830,1797),(7,96,30,830,1798),(8,60,30,830,1799),(9,97,30,830,1800),(1,49,31,830,1807),(2,40,31,830,1808),(3,33,31,830,1809),(4,56,31,870,1810),(5,50,31,830,1811),(6,104,31,830,1812),(7,43,31,830,1813),(8,91,31,416,1814),(9,53,31,830,1815),(10,82,31,774,1816),(11,30,31,830,1817),(12,66,31,830,1818),(13,83,31,830,1819),(14,43,31,830,1820),(1,45,32,830,1822),(2,54,32,830,1823),(3,106,32,830,1824),(4,66,32,830,1825),(5,100,32,830,1826),(6,24,32,830,1827),(7,102,32,830,1828),(8,114,32,830,1829),(9,26,32,830,1830),(10,92,32,830,1831),(11,59,32,830,1832),(1,105,116,830,1837),(2,45,116,830,1838),(3,49,116,830,1839),(4,15,116,830,1840),(5,72,116,830,1841),(6,110,116,830,1842),(7,95,116,830,1843),(8,63,116,830,1844),(9,69,116,830,1845),(10,84,116,830,1846),(11,49,116,830,1847),(12,109,116,830,1848),(13,105,116,830,1849),(14,71,116,830,1850),(15,92,116,830,1851),(16,107,116,830,1852),(17,70,116,830,1853),(18,78,116,830,1854),(19,50,116,830,1855),(20,86,116,830,1856),(1,84,117,830,1868),(2,95,117,830,1869),(3,50,117,830,1870),(4,71,117,830,1871),(5,111,117,830,1872),(6,96,117,830,1873),(1,51,118,830,1875),(2,72,118,830,1876),(3,67,118,830,1877),(4,16,118,830,1878),(1,62,119,830,1882),(2,113,119,830,1883),(3,73,119,830,1884),(4,32,119,830,1885),(5,68,119,830,1886),(6,17,119,830,1887),(7,35,119,490,1888),(8,108,119,830,1889),(9,102,119,830,1890),(10,91,119,830,1891),(11,87,119,830,1892),(12,52,119,830,1893),(13,60,119,830,1894),(14,77,119,830,1895),(15,45,119,830,1896),(1,19,120,672,1897),(2,17,120,202,1898),(3,92,120,422,1899),(4,111,120,939,1900),(5,29,120,829,1901),(6,50,120,292,1902),(7,91,120,211,1903),(8,102,120,270,1904),(1,25,101,830,1912),(2,23,101,830,1913),(3,61,101,830,1914),(4,49,101,830,1915),(5,82,101,830,1916),(6,43,101,830,1917),(7,35,101,830,1918),(8,106,101,830,1919),(9,94,101,830,1920),(10,41,101,830,1921),(11,24,101,830,1922),(12,103,101,830,1923),(13,112,101,830,1924),(14,39,101,830,1925),(15,63,101,830,1926),(16,105,101,830,1927),(1,40,102,830,1943),(2,69,102,830,1944),(3,64,102,830,1945),(4,73,102,830,1946),(5,22,102,830,1947),(6,45,102,830,1948),(7,94,102,830,1949),(8,97,102,830,1950),(9,36,102,830,1951),(10,77,102,830,1952),(11,113,102,830,1953),(12,75,102,830,1954),(13,107,102,830,1955),(14,113,102,830,1956),(15,47,102,830,1957),(1,53,103,830,1958),(2,39,103,830,1959),(1,91,104,830,1961),(2,64,104,830,1962),(3,59,104,830,1963),(4,81,104,830,1964),(5,70,104,830,1965),(6,84,104,830,1966),(7,80,104,830,1967),(8,66,104,830,1968),(9,108,104,830,1969),(10,64,104,830,1970),(11,86,104,830,1971),(12,41,104,830,1972),(13,104,104,830,1973),(14,40,104,830,1974),(1,93,105,830,1976),(2,78,105,830,1977),(3,74,105,830,1978),(4,84,105,830,1979),(5,84,105,830,1980),(6,112,105,830,1981),(7,110,105,830,1982),(8,25,105,830,1983),(9,49,105,830,1984),(1,106,106,830,1991),(2,112,106,830,1992),(3,109,106,830,1993),(4,62,106,830,1994),(5,114,106,830,1995),(6,20,106,830,1996),(7,39,106,830,1997),(8,51,106,830,1998),(9,51,106,830,1999),(10,74,106,665,2000),(11,80,106,830,2001),(12,76,106,830,2002),(13,107,106,830,2003),(14,77,106,830,2004),(15,15,106,830,2005),(16,39,106,830,2006),(17,110,106,830,2007),(18,83,106,830,2008),(19,31,106,830,2009),(1,46,107,830,2022),(2,31,107,830,2023),(3,21,107,830,2024),(4,72,107,830,2025),(5,40,107,830,2026),(6,59,107,830,2027),(7,39,107,830,2028),(8,39,107,830,2029),(9,57,107,830,2030),(1,58,108,830,2037),(1,112,109,830,2038),(2,71,109,830,2039),(3,24,109,830,2040),(4,72,109,830,2041),(5,76,109,830,2042),(6,40,109,830,2043),(7,57,109,830,2044),(8,21,109,830,2045),(9,93,109,830,2046),(10,66,109,709,2047),(11,56,109,830,2048),(12,37,109,830,2049),(13,65,109,830,2050),(14,43,109,830,2051),(15,95,109,830,2052),(16,97,109,830,2053),(17,71,109,830,2054),(18,62,109,830,2055),(19,96,109,830,2056),(1,102,110,830,2069),(1,66,43,830,2070),(2,88,43,830,2071),(3,86,43,830,2072),(4,87,43,830,2073),(5,17,43,830,2074),(6,101,43,830,2075),(7,68,43,830,2076),(8,33,43,830,2077),(9,105,43,830,2078),(10,29,43,830,2079),(11,67,43,830,2080),(12,104,43,830,2081),(13,110,43,830,2082),(14,105,43,830,2083),(15,49,43,830,2084),(1,40,44,830,2085),(2,67,44,830,2086),(3,47,44,830,2087),(4,27,44,830,2088),(5,95,44,830,2089),(6,60,44,830,2090),(7,34,44,830,2091),(8,75,44,830,2092),(9,83,44,830,2093),(10,26,44,830,2094),(11,81,44,830,2095),(12,28,44,830,2096),(13,93,44,830,2097),(14,60,44,830,2098),(15,112,44,830,2099),(1,41,45,830,2100),(2,68,45,830,2101),(3,47,45,830,2102),(4,107,45,700,2103),(5,72,45,830,2104),(6,102,45,830,2105),(1,71,46,830,2107),(2,99,46,830,2108),(3,101,46,404,2109),(4,47,46,830,2110),(5,66,46,373,2111),(6,35,46,830,2112),(7,60,46,830,2113),(8,41,46,830,2114),(9,17,46,830,2115),(10,54,46,830,2116),(11,82,46,830,2117),(12,43,46,830,2118),(13,81,46,830,2119),(14,93,46,830,2120),(1,100,47,830,2122),(2,76,47,830,2123),(3,76,47,830,2124),(4,74,47,830,2125),(5,35,47,830,2126),(6,100,47,830,2127),(7,104,47,830,2128),(8,48,47,830,2129),(9,54,47,830,2130),(10,68,47,830,2131),(11,46,47,830,2132),(12,60,47,830,2133),(13,84,47,830,2134);
/*!40000 ALTER TABLE `apartment` ENABLE KEYS */;
UNLOCK TABLES;

--
-- Table structure for table `house`
--

DROP TABLE IF EXISTS `house`;
/*!40101 SET @saved_cs_client     = @@character_set_client */;
/*!50503 SET character_set_client = utf8mb4 */;
CREATE TABLE `house` (
  `id` int NOT NULL AUTO_INCREMENT,
  `street` char(255) NOT NULL,
  `number` int NOT NULL,
  `construction_year` int DEFAULT NULL,
  PRIMARY KEY (`id`),
  UNIQUE KEY `address` (`street`,`number`)
) ENGINE=InnoDB AUTO_INCREMENT=256 DEFAULT CHARSET=utf8mb4 COLLATE=utf8mb4_0900_ai_ci;
/*!40101 SET character_set_client = @saved_cs_client */;

--
-- Dumping data for table `house`
--

LOCK TABLES `house` WRITE;
/*!40000 ALTER TABLE `house` DISABLE KEYS */;
INSERT INTO `house` VALUES (1,'Main Street',1,1895),(2,'Main Street',2,1902),(3,'Main Street',3,1909),(4,'Main Street',4,1916),(5,'Main Street',5,1923),(6,'Main Street',6,1930),(7,'Main Street',7,1937),(8,'Main Street',8,1944),(9,'Main Street',9,1951),(10,'Main Street',10,1958),(11,'Main Street',11,1965),(12,'Main Street',12,1972),(13,'Main Street',13,1979),(14,'Main Street',14,1986),(15,'Main Street',15,1993),(16,'Main Street',16,2000),(17,'Main Street',17,2007),(18,'Main Street',18,2014),(19,'Elm Street',1,2021),(20,'Elm Street',2,1908),(21,'Elm Street',3,1925),(22,'Elm Street',4,1942),(23,'Elm Street',5,1959),(24,'Elm Street',6,1976),(25,'Elm Street',7,1993),(26,'Elm Street',8,2010),(27,'Rust Street',1,1903),(28,'Rust Street',2,1930),(29,'Rust Street',3,1957),(30,'Rust Street',4,1984),(31,'Rust Street',5,2011),(32,'Rust Street',6,1912),(33,'Pine Street',1,1939),(34,'Pine Street',2,1966),(35,'Pine Street',3,1993),(36,'Pine Street',4,2020),(37,'Pine Street',5,1896),(38,'Pine Street',6,1923),(39,'Pine Street',7,1950),(40,'Pine Street',8,1977),(41,'Pine Street',9,2004),(42,'Pine Street',10,1901),(43,'Vim Street',1,1928),(44,'Vim Street',2,1955),(45,'Vim Street',3,1982),(46,'Vim Street',4,2009),(47,'Vim Street',5,1918),(48,'Clojure Street',1,1945),(49,'Clojure Street',2,1972),(50,'Clojure Street',3,1999),(51,'Java Street',1,1907),(52,'Java Street',2,1934),(53,'Java Street',3,1961),(54,'Java Street',4,1988),(55,'Java Street',5,2015),(56,'Java Street',6,1914),(57,'Java Street',7,1941),(58,'Java Street',8,1968),(59,'Python Street',1,1995),(60,'Python Street',2,2022),(61,'Python Street',3,1900),(62,'Python Street',4,1927),(63,'Python Street',5,1954),(64,'Python Street',6,1981),(65,'Postgres Av.',1,2008),(66,'Postgres Av.',2,1917),(67,'Postgres Av.',3,1944),(68,'Postgres Av.',4,1971),(69,'Postgres Av.',5,1998),(70,'Postgres Av.',6,2019),(71,'Postgres Av.',7,1906),(72,'Postgres Av.',8,1933),(73,'Postgres Av.',9,1960),(74,'Postgres Av.',10,1987),(75,'Postgres Av.',11,2014),(76,'Postgres Av.',12,1911),(77,'Null Sq.',1,1938),(78,'Null Sq.',2,1965),(79,'Null Sq.',3,1992),(80,'Null Sq.',4,2019),(81,'Null Sq.',5,1959),(82,'Cobol Rd.',1,1946),(83,'Cobol Rd.',2,1973),(84,'Cobol Rd.',3,1950),(85,'Cobol Rd.',4,1976),(86,'Cobol Rd.',5,1954),(87,'Cobol Rd.',6,1931),(88,'Cobol Rd.',7,1958),(89,'Cobol Rd.',8,1985),(90,'Cobol Rd.',9,1962),(91,'Cobol Rd.',10,1943),(92,'Cobol Rd.',11,1950),(93,'Cobol Rd.',12,1967),(94,'Cobol Rd.',13,1994),(95,'Cobol Rd.',14,2021),(96,'Haskell Blvd.',1,1897),(97,'Haskell Blvd.',2,1924),(98,'Haskell Blvd.',3,1951),(99,'Haskell Blvd.',4,1978),(100,'Haskell Blvd.',5,2005),(101,'Torvalds Street',1,1902),(102,'Torvalds Street',2,1929),(103,'Torvalds Street',3,1956),(104,'Torvalds Street',4,1983),(105,'Torvalds Street',5,2010),(106,'Tuple Street',1,1910),(107,'Tuple Street',2,1937),(108,'Tuple Street',3,1964),(109,'Tuple Street',4,1991),(110,'Tuple Street',5,2018),(111,'Dijkstra Street',1,1899),(112,'Dijkstra Street',2,1926),(113,'Dijkstra Street',3,1953),(114,'Dijkstra Street',4,1980),(115,'Dijkstra Street',5,2007),(116,'Stallman Street',1,1916),(117,'Stallman Street',2,1943),(118,'Stallman Street',3,1970),(119,'Stallman Street',4,1997),(120,'Stallman Street',5,2024),(121,'Git Street',1,1905),(122,'Git Street',2,1932),(123,'Git Street',3,1959),(124,'Git Street',4,1986),(125,'Git Street',5,2013),(126,'Cache Invalidation Sq.',1,1915),(127,'Cache Invalidation Sq.',2,1942),(128,'Cache Invalidation Sq.',3,1969),(129,'Cache Invalidation Sq.',4,1996),(130,'Cache Invalidation Sq.',5,2023),(131,'Echo Rd.',1,1935),(132,'Echo Rd.',2,1943),(133,'Echo Rd.',3,1951),(134,'Echo Rd.',4,1960),(135,'Echo Rd.',5,1972),(136,'Babel Street',1,1917),(137,'Babel Street',2,1944),(138,'Babel Street',3,1971),(139,'Babel Street',4,1998),(140,'Babel Street',5,2025);
/*!40000 ALTER TABLE `house` ENABLE KEYS */;
UNLOCK TABLES;

--
-- Table structure for table `inflation`
--

DROP TABLE IF EXISTS `inflation`;
/*!40101 SET @saved_cs_client     = @@character_set_client */;
/*!50503 SET character_set_client = utf8mb4 */;
CREATE TABLE `inflation` (
  `year` int NOT NULL,
  `inflation` float NOT NULL DEFAULT '0',
  `average_floor_price` decimal(15,2) DEFAULT NULL,
  PRIMARY KEY (`year`)
) ENGINE=InnoDB DEFAULT CHARSET=utf8mb4 COLLATE=utf8mb4_0900_ai_ci;
/*!40101 SET character_set_client = @saved_cs_client */;

--
-- Dumping data for table `inflation`
--

LOCK TABLES `inflation` WRITE;
/*!40000 ALTER TABLE `inflation` DISABLE KEYS */;
INSERT INTO `inflation` VALUES (1895,0.02,200.00),(1896,0.03,204.00),(1897,0.03,210.00),(1898,0.02,216.00),(1899,0.02,220.00),(1900,0.02,224.00),(1901,0.02,228.00),(1902,0.01,233.00),(1903,0.02,235.00),(1904,0.02,240.00),(1905,0.02,245.00),(1906,0.01,250.00),(1907,0.02,253.00),(1908,0.02,258.00),(1909,0.02,263.00),(1910,0.01,268.00),(1911,0.01,271.00),(1912,0.02,274.00),(1913,0.03,279.00),(1914,0.03,287.00),(1915,0.03,296.00),(1916,0.04,305.00),(1917,0.04,317.00),(1918,0.05,330.00),(1919,0.06,347.00),(1920,0.05,368.00),(1921,0.06,386.00),(1922,0.05,409.00),(1923,0.06,429.00),(1924,0.06,455.00),(1925,0.05,482.00),(1926,0.05,506.00),(1927,0.04,531.00),(1928,0.04,552.00),(1929,0.03,574.00),(1930,0.03,591.00),(1931,0.04,609.00),(1932,0.04,633.00),(1933,0.04,658.00),(1934,0.05,684.00),(1935,0.05,718.00),(1936,0.05,754.00),(1937,0.06,792.00),(1938,0.06,840.00),(1939,0.05,890.00),(1940,0.05,935.00),(1941,0.06,982.00),(1942,0.05,1041.00),(1943,0.05,1093.00),(1944,0.04,1148.00),(1945,0.04,1194.00),(1946,0.05,1242.00),(1947,0.04,1304.00),(1948,0.04,1356.00),(1949,0.03,1410.00),(1950,0.04,1452.00),(1951,0.04,1510.00),(1952,0.04,1570.00),(1953,0.05,1633.00),(1954,0.04,1715.00),(1955,0.04,1784.00),(1956,0.04,1855.00),(1957,0.04,1929.00),(1958,0.05,2006.00),(1959,0.06,2106.00),(1960,0.07,2232.00),(1961,0.06,2388.00),(1962,0.06,2531.00),(1963,0.06,2683.00),(1964,0.07,2844.00),(1965,0.08,3043.00),(1966,0.07,3286.00),(1967,0.06,3516.00),(1968,0.06,3727.00),(1969,0.05,3951.00),(1970,0.04,4149.00),(1971,0.04,4315.00),(1972,0.03,4488.00),(1973,0.03,4623.00),(1974,0.03,4762.00),(1975,0.03,4905.00),(1976,0.02,5052.00),(1977,0.03,5153.00),(1978,0.03,5308.00),(1979,0.02,5467.00),(1980,0.01,5576.00),(1981,0,5632.00),(1982,0,5632.00),(1983,0,5632.00),(1984,0,5632.00),(1985,-0.01,5632.00),(1986,-0.02,5576.00),(1987,-0.02,5464.00),(1988,-0.02,5355.00),(1989,-0.02,5248.00),(1990,-0.02,5143.00),(1991,-0.01,5040.00),(1992,-0.02,4990.00),(1993,-0.01,4890.00),(1994,-0.01,4841.00),(1995,-0.02,4793.00),(1996,-0.01,4697.00),(1997,-0.01,4650.00),(1998,0,4604.00),(1999,0.01,4604.00),(2000,0.01,4650.00),(2001,0.02,4697.00),(2002,0.01,4791.00),(2003,0.01,4839.00),(2004,0,4887.00),(2005,0.01,4887.00),(2006,0.01,4936.00),(2007,0.02,4985.00),(2008,0.01,5085.00),(2009,0.02,5136.00),(2010,0.01,5239.00),(2011,0,5291.00),(2012,0,5291.00),(2013,0.01,5291.00),(2014,0.02,5344.00),(2015,0.03,5451.00),(2016,0.03,5615.00),(2017,0.04,5783.00),(2018,0.04,6014.00),(2019,0.04,6255.00),(2020,0.04,6505.00),(2021,0.04,6765.00),(2022,0.05,7036.00),(2023,0.04,7388.00);
/*!40000 ALTER TABLE `inflation` ENABLE KEYS */;
UNLOCK TABLES;

--
-- Table structure for table `log`
--

DROP TABLE IF EXISTS `log`;
/*!40101 SET @saved_cs_client     = @@character_set_client */;
/*!50503 SET character_set_client = utf8mb4 */;
CREATE TABLE `log` (
  `id` int NOT NULL AUTO_INCREMENT,
  `message` text,
  PRIMARY KEY (`id`)
) ENGINE=InnoDB DEFAULT CHARSET=utf8mb4 COLLATE=utf8mb4_0900_ai_ci;
/*!40101 SET character_set_client = @saved_cs_client */;

--
-- Dumping data for table `log`
--

LOCK TABLES `log` WRITE;
/*!40000 ALTER TABLE `log` DISABLE KEYS */;
/*!40000 ALTER TABLE `log` ENABLE KEYS */;
UNLOCK TABLES;

--
-- Table structure for table `person`
--

DROP TABLE IF EXISTS `person`;
/*!40101 SET @saved_cs_client     = @@character_set_client */;
/*!50503 SET character_set_client = utf8mb4 */;
CREATE TABLE `person` (
  `id` int NOT NULL AUTO_INCREMENT,
  `name` text,
  `birthdate` date DEFAULT NULL,
  `residence` int DEFAULT NULL,
  PRIMARY KEY (`id`),
  KEY `person` (`residence`),
  CONSTRAINT `person_ibfk_1` FOREIGN KEY (`residence`) REFERENCES `apartment` (`id`)
) ENGINE=InnoDB AUTO_INCREMENT=1024 DEFAULT CHARSET=utf8mb4 COLLATE=utf8mb4_0900_ai_ci;
/*!40101 SET character_set_client = @saved_cs_client */;

--
-- Dumping data for table `person`
--

LOCK TABLES `person` WRITE;
/*!40000 ALTER TABLE `person` DISABLE KEYS */;
INSERT INTO `person` VALUES (1,'Giselbert Duffit','1971-11-29',100),(2,'Carleton Staff','1970-05-13',2114),(3,'Lindy Amdohr','1980-04-05',1184),(4,'Clem Canland','1986-09-07',315),(5,'Blanch Lohering','1934-09-09',1106),(6,'Steffen Brownbill','1987-10-21',660),(7,'Winnie Westphal','1948-07-10',173),(8,'Jean Langhorn','1973-01-05',1815),(9,'Marigold Trencher','1954-03-27',985),(10,'Dorene Peile','1998-01-15',1193),(11,'Juli Learmount','1967-10-12',1852),(12,'Aprilette Inchan','1936-01-02',1166),(13,'Abagail Cruess','1996-03-14',548),(14,'Jany Ridder','1965-11-26',630),(15,'Cathie Seid','1993-08-08',761),(16,'Muffin Loveridge','1950-04-14',1222),(17,'Ted Hazeldene','1949-01-22',1422),(18,'Karoline Adanez','1974-09-07',1508),(19,'Cord Scholler','1951-11-17',1457),(20,'Del Cheng','1989-03-20',1576),(21,'Kinny Ivashkov','1977-10-27',676),(22,'Erik Crayke','1937-07-13',1781),(23,'Alaine Andreazzi','1933-04-07',1022),(24,'Orly Burgin','1994-09-02',715),(25,'Bryant Charnock','1956-07-22',1824),(26,'Nedi Markwelley','1938-06-30',1478),(27,'Anabella Tench','1997-09-06',79),(28,'Alli Pinkard','1986-09-02',1332),(29,'Meridel Birdwhistell','1964-04-10',380),(30,'Hoebart Hambridge','1985-05-26',761),(31,'Petronilla Chalcot','1981-10-29',901),(32,'Deana Marris','1980-03-19',1047),(33,'Ravi Gillard','1933-08-12',203),(34,'Suki Petracco','1934-11-13',1351),(35,'Herminia Isgar','1938-03-11',1811),(36,'Erich Petrelluzzi','1979-07-29',1422),(37,'Averyl Matuskiewicz','1932-05-28',1034),(38,'Orin Pulver','1977-03-05',1454),(39,'Lief Conrad','1940-12-21',1329),(40,'Ruthie Cummungs','1987-10-09',1224),(41,'Tomasina Taffarello','1965-08-08',1920),(42,'Gilda Attwood','1982-09-08',734),(43,'Micaela Stollenwerck','1983-07-29',269),(44,'Quintilla Bramley','1997-10-01',1714),(45,'Crissy Mation','1932-06-03',1513),(46,'Kris McGenis','1947-12-21',1331),(47,'Toby Davidovitch','1962-12-19',746),(48,'Mohandis Shitliffe','1975-06-02',1202),(49,'Maddie Blumer','1976-04-20',898),(50,'Layney Passo','1934-12-27',1437),(51,'Fifine Caldairou','1977-05-23',1945),(52,'Benedetto Slessor','1989-04-25',70),(53,'Kristos Moon','1978-08-01',1032),(54,'Antin Coull','1942-07-08',1453),(55,'Carena Canedo','1987-10-25',1422),(56,'Waverley Brecknall','1992-10-02',2082),(57,'Kerrill Coulthard','1997-07-16',21),(58,'Dominique Ancliffe','1945-10-05',630),(59,'Margalo Northrop','1962-09-02',1788),(60,'Lyndsey Deesly','1961-06-19',1027),(61,'Hillel Goodison','1952-02-08',2075),(62,'Kenon Dancy','1981-01-12',1352),(63,'Sabina Fydo','1963-01-09',1180),(64,'Tiena Solland','1990-06-27',986),(65,'Adriaens Flooks','1971-01-02',2090),(66,'Abba Sibylla','1946-02-16',873),(67,'Mahmud McCarty','1998-02-20',884),(68,'Etheline Gerold','1966-06-14',1287),(69,'Darnell Sellman','1942-05-17',1479),(70,'Desirae Barczewski','1934-11-16',2047),(71,'Nevile Hadgkiss','1931-06-30',1717),(72,'Delmar Cheson','1986-07-25',1885),(73,'Gawen Tommasi','1984-12-01',2088),(74,'Heidie Tregaskis','1946-07-01',1031),(75,'Anya Hadleigh','1999-02-18',1998),(76,'Mord Bricklebank','1933-10-15',85),(77,'Logan Frostdicke','1930-04-01',1457),(78,'Franciskus Trudgion','1998-02-12',1409),(79,'Goran Edgley','1976-12-24',795),(80,'Engracia Vaggers','1974-12-27',894),(81,'Alida Castelin','1947-07-21',255),(82,'Melosa Bourdis','1979-01-13',1605),(83,'Katha Theml','1998-10-25',1438),(84,'Lonny Okeshott','1987-11-17',1450),(85,'Bron Reyburn','1956-09-04',1210),(86,'Haze Perrottet','1970-06-15',1797),(87,'Boony Rudsdell','1992-08-30',478),(88,'Elset Feaster','1939-05-28',223),(89,'Janka Brandrick','1946-08-06',818),(90,'Alford Hastilow','1951-04-12',1796),(91,'Robby Iley','1945-05-15',760),(92,'Rikki Wyborn','1947-04-30',1697),(93,'Winslow Stower','2000-02-10',1187),(94,'Anton Trathen','1993-06-19',1999),(95,'Cami Bunyan','1944-08-21',1145),(96,'Orelia McIndoe','1970-11-09',2113),(97,'Jennica Maleham','1956-05-21',526),(98,'Townie Ricciardiello','1948-10-26',1967),(99,'Onfroi De Bischof','1995-01-15',913),(100,'Micheline Draco','1966-04-06',266),(101,'Kelbee Beacroft','1945-05-16',787),(102,'Gianna Collinson','1976-11-14',657),(103,'Zak Fealey','1952-02-22',1956),(104,'Hastie Carrel','1997-07-21',1707),(105,'Edmund Queree','1950-01-09',1158),(106,'Randall Eschalotte','1934-12-08',1205),(107,'Cayla Tattersall','1986-07-21',57),(108,'Candra Cowoppe','1988-02-01',391),(109,'Grata Patinkin','1991-08-15',953),(110,'Babs Bloodworth','1986-02-26',250),(111,'Karry Pawelczyk','1986-08-29',1877),(112,'Calvin Chance','1966-05-20',1808),(113,'Yulma Le Fleming','1969-12-21',1507),(114,'Gustavo Cloney','1998-03-05',687),(115,'Washington Stuckley','1982-07-01',1),(116,'Toma Pistol','1945-01-17',577),(117,'Avrom Ault','1966-02-14',132),(118,'Farley Heugh','1967-04-15',2025),(119,'Ilaire Tidy','1939-02-26',221),(120,'Aubry Derington','1997-03-29',650),(121,'Henderson Bourgaize','1966-01-28',1478),(122,'Luelle Witch','1941-08-08',78),(123,'Linea Chidzoy','1949-03-07',1690),(124,'Kalil Chilvers','2000-08-09',1904),(125,'Analise Rysom','1967-07-14',1715),(126,'Adams Luckwell','1985-04-03',986),(127,'Benetta Virgoe','1982-03-30',689),(128,'Charlena Rowell','1961-05-06',618),(129,'Faun Hattoe','1942-05-14',1328),(130,'Gaile Nickoles','1972-10-26',1162),(131,'Caron Grierson','1932-04-25',1439),(132,'Lazarus Bartoszewski','1934-02-03',1053),(133,'Horatio McLice','1968-09-09',30),(134,'Gerianna Reape','1977-08-13',504),(135,'Nina McLaverty','1990-02-25',1265),(136,'Ellerey Meyrick','1991-03-09',1600),(137,'Homer Winterson','1975-12-04',2037),(138,'Sinclare Duberry','1990-08-26',1073),(139,'Halie Pretsell','1960-10-29',1004),(140,'Shoshana Gorry','1939-10-09',1345),(141,'Perkin Somerled','1938-01-25',833),(142,'Urson Tellenbrok','1976-03-14',417),(143,'Melamie Olivetta','1932-07-17',584),(144,'Harriet Ripper','1987-11-18',1954),(145,'Cullin Pert','1939-01-03',1770),(146,'Delcina Tipling','1968-03-13',1020),(147,'Ev Deards','1962-07-30',1119),(148,'Myrvyn Grenshields','1997-08-30',1521),(149,'Derril De Miranda','1978-07-24',2051),(150,'Rafaela Caisley','1999-06-25',34),(151,'Adaline Skaife d\'Ingerthorpe','1948-09-01',358),(152,'Witty Ruggiero','1937-03-02',725),(153,'Hatti Maudsley','1971-10-24',262),(154,'Gretta Strutton','1964-10-23',2085),(155,'Tonya Ellesworth','1999-04-04',712),(156,'Carly Mohan','1950-09-04',1966),(157,'Hayward Waszczykowski','1934-01-15',1448),(158,'Ede Gerrie','1947-01-10',1697),(159,'Ailee Biagioni','1980-11-06',731),(160,'Emeline Whimper','1954-10-12',835),(161,'Aldric Macauley','1976-09-20',1607),(162,'Merrill Stickells','1955-12-04',1260),(163,'Gertrud Di Biasi','1970-10-03',316),(164,'Quintina Wolfer','1993-09-03',232),(165,'Neille Russi','1985-03-04',1970),(166,'Ashla Ledward','1969-10-03',418),(167,'Jacqueline Willerton','1997-10-17',629),(168,'Werner Bulfield','1961-06-15',918),(169,'Elisha Josupeit','1954-12-05',553),(170,'Annecorinne Putten','1950-02-06',175),(171,'Barbee Wettern','1992-06-03',988),(172,'Alejandro Crannis','1985-12-26',1462),(173,'Raf Klehn','1986-11-18',639),(174,'Aindrea Gibbens','1962-11-25',391),(175,'Bax Dyett','1974-03-29',1717),(176,'Augustine Clandillon','1963-07-29',2071),(177,'Bobby Aymerich','1995-12-16',997),(178,'Coleen Creevy','1954-08-06',1917),(179,'Clyde Berr','2000-04-10',711),(180,'Aksel Roycroft','1987-06-15',2026),(181,'Doro Bunnell','1954-04-28',224),(182,'Missie Litt','1963-04-16',1667),(183,'Melinde Lytell','1955-02-13',799),(184,'Pierrette Runsey','1953-12-03',1976),(185,'Valentine Paramore','1972-01-06',1020),(186,'Maxine McElree','1994-11-01',2087),(187,'Jeanie Melby','1999-09-18',1814),(188,'Sim Loughan','1976-06-18',1482),(189,'Clementine Albon','1981-12-21',102),(190,'Curcio Sallans','1984-05-06',195),(191,'Elvin Yerrington','1983-08-27',1697),(192,'Cornie Shobbrook','1974-07-06',175),(193,'Darrick Scanlin','1999-12-21',1236),(194,'Tressa Hallward','1979-12-31',237),(195,'Nananne Cozzi','1934-02-24',1235),(196,'Nolana Worthy','1977-06-19',1392),(197,'Uriel Odell','1957-12-12',1172),(198,'Gerhardt Dabling','1984-05-01',101),(199,'Izaak Kendred','1971-11-15',1846),(200,'Shelley Crichten','1969-09-22',1742),(201,'Dyanna Gogarty','1942-11-06',1924),(202,'Blayne Mullen','1946-11-30',518),(203,'Winna Willowby','1964-09-26',1436),(204,'Shandie Dawber','1970-06-27',825),(205,'Alf Townrow','1953-04-24',1537),(206,'Gustav Titcomb','1976-02-28',1778),(207,'Nada Raye','1938-11-18',309),(208,'Min Olyff','1931-09-04',884),(209,'Waverley Whilde','1996-05-08',738),(210,'Simmonds Ferrier','1941-03-07',969),(211,'Sebastien Woolrich','1984-06-17',1209),(212,'Daphne Aked','1985-10-09',410),(213,'Barret Czadla','1949-08-27',1781),(214,'Gretta Rubery','1956-06-28',175),(215,'Georges Carles','1931-07-13',1451),(216,'Lesya Peasegod','1971-09-17',1478),(217,'Falkner Simms','1986-06-04',1079),(218,'Jeniece Jillis','1934-08-12',332),(219,'Leslie Awty','1992-08-09',2082),(220,'Royal Rickford','1952-10-27',1542),(221,'Laetitia Dring','1942-12-31',1845),(222,'Elyn Gristock','1942-07-07',1427),(223,'Melony Steagall','1997-04-10',506),(224,'Dorine Sprakes','1971-01-03',562),(225,'Kaitlynn Yurtsev','1975-07-12',1152),(226,'Marlowe Vidloc','1942-11-04',738),(227,'Locke Palfreman','1939-08-12',224),(228,'Whitney O\'Lenechan','1959-07-06',1480),(229,'Nani Jiroudek','1979-12-02',1284),(230,'Marinna Cridge','1982-10-21',728),(231,'Coral Gennrich','1967-04-14',1083),(232,'Lanita Heitz','1996-02-09',556),(233,'Katie Avard','1957-10-25',473),(234,'Carri Steeples','1990-08-26',982),(235,'Chiquita Coleshill','1941-12-25',1002),(236,'Yvon Groger','1974-05-15',1186),(237,'Krissie Kinsley','1942-12-18',1849),(238,'Ulberto Suttell','1941-07-05',699),(239,'Adina Shera','1934-11-06',414),(240,'Betta Ivantsov','1938-09-03',18),(241,'Aidan Bakes','1985-07-07',1336),(242,'Oralia Dowers','1990-05-16',792),(243,'Roderic Manginot','1944-10-12',738),(244,'Eddy Dikes','1943-08-01',1823),(245,'Liliane Cottie','1936-02-21',1453),(246,'Rachele M\'Chirrie','1978-07-03',1761),(247,'Jorey O\'Reilly','1941-03-15',2006),(248,'Fletcher Cardenosa','1958-12-18',286),(249,'Deina Sinderson','1972-02-21',2087),(250,'Norah Faloon','1938-07-05',963),(251,'Calida Dabell','1953-02-12',1575),(252,'Paige Mercey','1959-02-10',281),(253,'Kylila Yendall','1984-08-13',1199),(254,'Bernardo Droghan','1969-05-14',730),(255,'Bevon Kupka','1980-05-18',739),(256,'Nicki Stoffer','1994-05-13',855),(257,'Horton Kidson','1998-05-18',1544),(258,'Herc McPharlain','1957-06-14',874),(259,'Milo Eakeley','1946-08-22',1520),(260,'Nari Trayte','1988-04-17',NULL),(261,'Frasier Naisbitt','1940-03-25',1646),(262,'Jesse Circuit','1990-07-17',304),(263,'Kristopher Busby','1980-12-13',270),(264,'Pebrook Grason','1983-10-12',1648),(265,'Donnajean Stoney','1982-12-27',147),(266,'Simonette Manifold','1966-10-14',2128),(267,'Ronda Stripp','1980-03-21',1330),(268,'Laryssa Hamshere','1946-10-01',171),(269,'Fionnula Wooff','1950-06-16',1222),(270,'Rafael Quigg','1960-08-31',1224),(271,'Feodor Mackriell','1994-03-20',2007),(272,'Adiana Frugier','1992-12-20',569),(273,'Filmer Bygrove','1969-11-29',857),(274,'Dara Padrick','1961-11-12',923),(275,'Cybill Craigmyle','1952-09-14',652),(276,'Alverta Leythley','1966-10-23',1182),(277,'Brandtr Grooby','2000-04-01',NULL),(278,'Toby Reddel','1994-07-14',1078),(279,'Pacorro Dearness','1988-01-26',1850),(280,'Layla Frammingham','1966-02-26',230),(281,'Gerhardine Giovanitti','1982-02-11',1827),(282,'Beale Ammer','1999-07-09',1089),(283,'Eirena Macquire','1948-01-10',458),(284,'Viviene Barwood','1985-01-03',958),(285,'Pippy Ferney','1997-06-03',1741),(286,'Ardisj Spiers','1999-09-25',2112),(287,'Starlene Neylon','1939-11-16',820),(288,'Franzen Bozier','1986-11-07',NULL),(289,'Andreas Morad','1992-04-01',1642),(290,'Hadlee Simmell','1952-11-24',109),(291,'Keslie Earwaker','1991-03-27',896),(292,'Jen Lufkin','1959-01-05',221),(293,'Caresa Bronger','1973-08-19',1919),(294,'Vassili Hartwright','1982-04-24',NULL),(295,'Cecilla Whitehorn','1938-10-14',1609),(296,'Frederique Chater','1960-07-14',1329),(297,'Kalina Diboll','1956-10-29',1022),(298,'Dov Goeff','1999-12-23',227),(299,'Yardley Cartmel','1960-05-21',132),(300,'Deina Polson','1951-06-09',826),(301,'Odessa Bewfield','1958-05-11',35),(302,'Pier Mixhel','1931-06-29',1875),(303,'Charil Gascar','1950-12-27',1225),(304,'Carmel Enrique','1969-02-25',219),(305,'Fredek Saltsberg','1947-04-15',155),(306,'Guinna Elintune','1979-10-14',620),(307,'Florrie Shellshear','1955-10-04',2076),(308,'Berni Preston','1968-01-11',1259),(309,'Florenza Heyward','1964-10-23',1995),(310,'Tedi Giroldi','1984-05-03',1954),(311,'Phedra Jarmaine','1932-05-22',NULL),(312,'Whitney Inchan','1997-01-14',2087),(313,'Maggie Pounds','1934-06-20',1543),(314,'Farrah Standering','1988-06-01',1514),(315,'Johanna Dore','1933-06-12',792),(316,'Fancy Seville','1948-05-15',1209),(317,'Carver Highwood','1982-01-28',1111),(318,'Teodora Retter','1960-04-22',1384),(319,'Janos Lamdin','1965-07-11',1782),(320,'Dulci Dagwell','1973-08-11',431),(321,'Gwyneth Olwen','1945-06-22',2050),(322,'Lanna Rafe','1935-10-09',505),(323,'Shea Downton','1982-08-01',982),(324,'Maureen Stanway','1987-08-18',29),(325,'Maia Murrhardt','1933-03-08',55),(326,'Marley Krimmer','1965-04-17',1797),(327,'Norri Coughlin','1983-03-09',208),(328,'Wendall Sigars','1963-05-12',NULL),(329,'Jeremias Padbery','1971-11-04',1779),(330,'Alard Salvador','1958-07-29',878),(331,'Orelee Pont','1964-05-21',1708),(332,'Allayne Everit','1986-05-24',1346),(333,'Laetitia Overland','1942-09-12',1409),(334,'Saunder Dysert','1988-12-16',480),(335,'Daisy Ream','1966-02-03',2026),(336,'Broderick Mearns','1995-03-03',484),(337,'Flo Shearmur','1995-02-15',1157),(338,'Wayland Riccione','1952-02-15',1423),(339,'Loydie Snookes','1995-02-26',502),(340,'Reed Ellershaw','1998-07-07',2042),(341,'Jerrie Punter','1970-03-22',1331),(342,'Wilfred Brimicombe','1994-01-19',205),(343,'Debee Jiggen','1975-02-07',1916),(344,'Bastien Durker','1955-10-22',1509),(345,'Cletis Espasa','1982-10-03',2030),(346,'Tracey Macellar','1980-07-16',2080),(347,'Davy Cottle','1964-09-23',144),(348,'Reube Clappison','1979-11-06',476),(349,'Twyla Delcastel','1973-12-12',1518),(350,'Raffarty Puzey','1976-04-18',1328),(351,'Rosamund Le Hucquet','1979-06-01',1677),(352,'Alec Fealey','1959-08-06',1693),(353,'Lisabeth Mearing','1960-09-22',1499),(354,'Morse Calbert','1934-10-30',1780),(355,'Cherin Cawthra','1976-04-17',1005),(356,'Nilson Vautier','1990-05-12',1539),(357,'Xavier Dradey','1996-01-31',242),(358,'Trixy Lyndon','1968-01-23',206),(359,'Erv Hammerstone','1960-05-05',112),(360,'Fiorenze Wight','1952-07-21',315),(361,'Bendix Emanson','1993-07-30',1641),(362,'Yoshi Scholler','1995-05-02',1519),(363,'Lorena Fearne','1984-04-08',1110),(364,'Kattie Molder','1933-11-12',1838),(365,'Deck Robiou','1990-01-06',655),(366,'Vallie Fleckno','1995-07-04',912),(367,'Niki Keough','1977-02-18',1475),(368,'Tiphani Fulbrook','1990-11-11',1004),(369,'Leora Verner','1967-10-04',959),(370,'Renaud Treadgall','2000-03-24',1087),(371,'Danie Edson','1969-03-29',2093),(372,'Ogdan Fronsek','1980-02-16',912),(373,'Isaak Ghidoni','1956-08-28',1054),(374,'Rafa Bampford','1966-09-15',303),(375,'Giff Scard','1967-09-09',NULL),(376,'Heath Klaaassen','1968-02-10',1412),(377,'Cecelia Meanwell','1953-04-28',456),(378,'Nicolas Liger','1968-08-25',1678),(379,'Susanetta Thurstance','1973-01-29',859),(380,'Clint Gebbe','1987-06-12',1473),(381,'Ambur Caughtry','1988-01-07',442),(382,'Kerrill Cecil','1971-05-19',2028),(383,'Rici Kyffin','1935-12-29',1256),(384,'Avrom Moult','1938-02-04',337),(385,'Annadiane Pendlington','1979-01-22',1188),(386,'Fanchette Fawcus','1990-07-02',NULL),(387,'Dorrie Jiruca','1945-05-24',1308),(388,'Kasey Karpychev','1965-01-11',709),(389,'Malanie Aked','1954-04-18',677),(390,'Barbabra Kett','1992-11-22',1421),(391,'Roxanna Barr','1988-05-23',2022),(392,'Ira Lovick','1982-01-08',7),(393,'Corbet Fellgett','1951-02-08',646),(394,'Isabel Cruces','1938-11-03',1976),(395,'Danyelle Duchan','1975-01-04',528),(396,'Alvinia Merrigan','1998-05-28',48),(397,'Marylinda Wattinham','1984-03-13',35),(398,'Buiron Beeken','1986-06-24',1321),(399,'Aurel Arangy','1974-09-18',1179),(400,'Shaine Kort','1974-10-29',78),(401,'Rosalind Satterthwaite','1937-08-04',509),(402,'Mab Fussen','1932-08-23',1816),(403,'Chrystal Leyfield','1952-08-01',649),(404,'Byran Blakeston','1954-03-13',1781),(405,'Morna Waddam','1997-11-30',1087),(406,'Kati Kenwin','1942-08-16',256),(407,'Torrie Brayshaw','1960-02-12',1221),(408,'Gloriana Fawssett','1977-11-11',218),(409,'Agnola Bentham','1961-01-03',1884),(410,'Jamie Lesor','1960-08-24',1758),(411,'Allianora Braim','1995-03-20',1242),(412,'Rowe Harby','1932-10-09',1087),(413,'Hammad Tomovic','1975-06-02',35),(414,'Maud Tetlow','1933-05-13',170),(415,'Florance Esgate','1959-06-21',812),(416,'Kim Shillitoe','1973-09-08',1660),(417,'Randi Burbudge','1975-08-27',286),(418,'Dennet Riddlesden','1974-03-17',199),(419,'Nevile Loverock','1976-06-19',908),(420,'Ynes Rickis','1995-07-02',879),(421,'Caryl Joynt','1975-09-01',1542),(422,'Deina Eversfield','1978-06-25',551),(423,'Yolanthe Willmett','1957-07-20',64),(424,'Trina Cossington','1982-04-09',2071),(425,'Alyss Gue','1930-07-03',1354),(426,'Raye Trusler','1981-12-27',1888),(427,'Claudia Macro','1979-01-12',1317),(428,'Harley McGaugie','1983-02-10',462),(429,'Marion Luten','1980-06-10',35),(430,'Harmonia Dummett','1997-01-21',925),(431,'Olly Clousley','1977-12-12',1036),(432,'Merl Osmant','2000-06-06',1883),(433,'Niels Krammer','1995-03-12',207),(434,'Julianna Joddins','1962-05-27',304),(435,'Jammal Henstridge','1994-08-28',1501),(436,'Wain Taphouse','2000-05-13',NULL),(437,'Glenden Pohling','1965-04-01',745),(438,'Ham Hanscom','1947-02-12',2000),(439,'Loni Decruse','1938-06-15',1413),(440,'Ricky Prestney','1930-09-12',1376),(441,'Billie Cowern','1971-04-16',1536),(442,'Zelda Swayton','1957-04-24',NULL),(443,'Hunt Helleker','1933-02-17',1679),(444,'Elsi Rosi','1994-03-20',759),(445,'Tova Eannetta','1981-12-15',2115),(446,'Arda Syne','1978-10-05',1506),(447,'Cosetta Wrigglesworth','1949-08-15',1087),(448,'Parsifal Cantu','1976-03-14',1051),(449,'Coletta Matterson','1952-05-20',1632),(450,'Cos Ajean','1973-06-26',679),(451,'Sibeal Maple','1973-12-01',56),(452,'Clotilda Sellor','1946-05-22',32),(453,'Delcine Connachan','1983-06-16',366),(454,'Gerladina Goodisson','1985-10-19',852),(455,'Nathanael Mackilpatrick','1991-08-26',1823),(456,'Mikey Whyffen','1939-02-05',1349),(457,'Reeta Hamerton','1987-09-28',762),(458,'Nissy Fantonetti','1955-03-28',1347),(459,'Pat Jurasz','1952-07-12',279),(460,'Mannie Pree','1988-06-22',2091),(461,'Lemmy Bene','1962-12-08',NULL),(462,'Junina Mennithorp','1941-10-26',173),(463,'Juanita Moon','1962-04-30',NULL),(464,'Joana Medd','1938-11-28',1480),(465,'Blanch Clabburn','1951-05-09',221),(466,'Beitris Cogle','1939-01-29',822),(467,'Roxanna Caldera','1980-08-03',1458),(468,'Gerrard Mixer','1943-03-26',751),(469,'Addie Matthiesen','1933-11-24',397),(470,'Peg Gresley','1965-11-24',8),(471,'Debbi Fardon','1961-07-23',330),(472,'Thomasina Marin','1974-11-01',1284),(473,'Jere Duddell','1969-09-10',915),(474,'Zeb Morrish','1959-02-27',697),(475,'Libby McGruar','1953-02-27',77),(476,'Betta Pantin','1974-04-08',1853),(477,'Creigh Tidbold','1930-01-22',NULL),(478,'Berget Lyddon','1951-02-23',172),(479,'Reeva Alldread','2000-02-26',2022),(480,'Farley Crossland','1931-02-09',1009),(481,'Ninette McTurley','1981-02-26',565),(482,'Fran Jankovic','1962-06-22',339),(483,'Theadora Fredson','1971-05-19',741),(484,'Debor Bergstram','1943-07-15',1360),(485,'Francois Verecker','1995-06-05',701),(486,'Birdie Grishinov','1952-08-08',1970),(487,'Somerset Grigoliis','1981-06-18',616),(488,'Abigael Pereira','1996-10-25',900),(489,'Ricca Cussen','1946-09-21',313),(490,'Marinna Paladini','1942-04-14',1639),(491,'Armstrong Maddie','1992-07-26',NULL),(492,'Benn Warnes','1940-08-27',1780),(493,'Berry Benjefield','1995-07-30',755),(494,'Leeland De Vaux','1984-12-13',1813),(495,'Madelin Rackstraw','1976-05-12',965),(496,'Mendy Boddy','1970-12-28',2105),(497,'Nanni Husthwaite','1936-04-05',711),(498,'Suellen Fishburn','1954-07-05',1348),(499,'Miquela Govenlock','1953-09-09',420),(500,'Sissy Kohlerman','1981-01-17',923),(501,'Errick Kaindl','1980-08-06',62),(502,'Kendell Maseyk','1945-12-12',1005),(503,'Ceciley Braunfeld','1945-08-03',1888),(504,'Jude McCullum','1971-10-27',849),(505,'Tomaso Duckhouse','1944-11-29',1119),(506,'Diego Delouch','1969-09-19',32),(507,'Sammy Measen','1963-02-22',1423),(508,'Lindi Tweedlie','1956-03-21',1275),(509,'Trix Schwanden','1985-07-26',1104),(510,'Karen Lamblin','1986-05-28',516),(511,'Bord Eykelhof','1979-12-25',219),(512,'Patty Paff','1931-07-22',1964),(513,'Jeremy McCarrell','1954-04-15',1392),(514,'Herrick Shorto','1967-10-02',478),(515,'Ax Tirte','1996-04-20',1814),(516,'Kaycee McAlester','1949-02-23',548),(517,'Allyce De Blasio','1950-06-13',1035),(518,'Graehme Cuniffe','1960-10-16',1816),(519,'Shurlocke Burchfield','1966-05-27',996),(520,'Asia Rowthorn','1983-04-29',915),(521,'Adan Calderbank','1958-02-10',360),(522,'Janith Creffeild','1988-01-10',559),(523,'Benyamin Argrave','1951-11-30',710),(524,'Kelley Spavins','1930-07-30',1018),(525,'Jeanie Minihan','1930-10-15',1244),(526,'Teddie Long','1952-01-08',366),(527,'Juli But','1997-02-04',996),(528,'Kerri Porte','1982-12-06',1824),(529,'Ynes Fearnyhough','1944-12-21',1969),(530,'Larina Rosbotham','1938-12-16',1050),(531,'Robbin Caras','1964-07-20',1344),(532,'Lemuel Berndtsson','1979-11-22',1896),(533,'Denise De Bischop','1972-02-10',25),(534,'Lulita Chesshyre','1983-11-17',1577),(535,'Betta Garner','1938-10-09',1855),(536,'Nollie Reckless','1988-04-10',1169),(537,'Orville Withrington','1970-04-11',1675),(538,'Irwin Husband','1940-05-19',114),(539,'Bron Burnet','1935-08-01',981),(540,'Gerianna MacCarroll','1978-02-12',110),(541,'Lidia Goulborn','1991-12-03',1014),(542,'Far Stood','1944-04-20',1443),(543,'Karel Allbut','1975-01-13',754),(544,'Tan Vandenhoff','1963-03-20',1844),(545,'Duffie Colbrun','1959-10-01',384),(546,'Shaine Blesdill','1951-09-29',1981),(547,'Aggi Huckel','1930-02-21',955),(548,'Bartholomeus Bundock','1962-12-13',2008),(549,'Boony Trevains','1982-03-28',265),(550,'Vanna Toping','1987-01-03',422),(551,'Karlen Please','1994-01-15',1745),(552,'Molly Brigden','1995-08-05',1891),(553,'Andros Carless','1956-05-10',1741),(554,'Olly Macartney','1934-04-05',2105),(555,'Midge Cherryman','1982-11-13',531),(556,'Emmy Littlepage','1973-04-23',2023),(557,'Brent Wellfare','1940-08-02',256),(558,'Kellen Rodgman','1948-09-08',689),(559,'Rockey Mosconi','1983-08-07',2095),(560,'Fiorenze Wheeldon','1955-07-28',1737),(561,'Hagen Capes','1994-06-13',586),(562,'Darcee Manginot','1996-12-01',758),(563,'Wildon Southam','1973-03-10',1234),(564,'Clarette Crampsy','1978-08-16',1083),(565,'Lonni Sketchley','1979-09-08',824),(566,'Rodolphe Coughtrey','1934-02-08',1345),(567,'Jeromy Rouff','1957-05-28',1507),(568,'Christian Vasyukov','1957-09-07',507),(569,'Merrily Kopacek','1948-08-01',1191),(570,'Florenza Tiernan','1960-03-30',1331),(571,'Morton Stainson','1940-05-23',414),(572,'Kanya Gidman','1968-12-08',1693),(573,'Auroora Rizzelli','1938-11-19',1847),(574,'Colin Beacham','1968-11-25',1195),(575,'Krystalle Fair','1982-09-22',2045),(576,'Giustina Wyeth','1936-02-18',1693),(577,'Lexi Espine','1968-02-28',2047),(578,'Baxy Ahlin','1959-10-24',393),(579,'Quinton Chaim','1946-11-04',1899),(580,'Cesare Niese','1997-05-25',1380),(581,'Melvin Simes','1969-06-01',73),(582,'Gregoire Fawkes','1975-01-11',718),(583,'Ambrose Kolinsky','1978-04-25',2120),(584,'Terry Broseke','1960-05-18',1381),(585,'Agnesse Stanner','1999-10-09',168),(586,'Corbin Bercher','1979-10-01',884),(587,'Cory Dressel','1943-02-03',1046),(588,'Aleksandr Iwanicki','1934-06-11',1607),(589,'Iorgo Trevear','1974-02-28',1574),(590,'Joane Rhodus','1953-04-06',275),(591,'Garwood Ingon','1936-08-09',1313),(592,'Loria Barbosa','1948-11-11',1135),(593,'Irv Eddoes','1949-08-04',1122),(594,'Monica Fausch','1957-06-03',527),(595,'Cyndy Pezey','1987-09-23',1781),(596,'Zack Dodamead','1965-07-15',1478),(597,'Dana Juorio','1995-08-06',1016),(598,'Marcile Bulcroft','1932-08-15',953),(599,'Esmeralda Cason','1942-07-09',609),(600,'Clarke Klemmt','1994-12-03',2123),(601,'Giovanni Hammett','1934-03-29',757),(602,'Nadya Benardet','1971-09-02',422),(603,'Trueman Ashington','1953-05-16',1740),(604,'Holly Darrington','1965-03-24',2074),(605,'Hobard Gildea','1995-09-03',1786),(606,'Jeniffer O\' Borne','1950-10-08',1447),(607,'Nanny Yeeles','1984-07-30',1895),(608,'Frederich Joule','1948-06-21',112),(609,'Gardiner Soanes','1992-01-12',1758),(610,'Bradney McGall','1992-10-31',1019),(611,'Fancy Wozencraft','1966-12-28',1756),(612,'Archaimbaud Hudspith','1991-01-21',1948),(613,'Barth Budcock','1970-04-05',923),(614,'Kamilah Camacke','1995-07-30',1377),(615,'Rowney Iori','1961-07-20',478),(616,'Garwin Stangoe','1942-09-24',1135),(617,'Geri Pethrick','1997-06-06',29),(618,'Amargo Scotchforth','1983-07-08',1330),(619,'Tamas Crichmere','1968-09-25',2090),(620,'Isidro Sharpling','1968-09-06',725),(621,'Vanny Smorthwaite','1930-04-30',428),(622,'Sheeree Van der Hoven','1973-06-29',1256),(623,'Celina Cluatt','1940-10-12',327),(624,'Fraze Rosenfelt','1949-07-06',1029),(625,'Trude Grainge','1996-07-22',2089),(626,'Gerome Edes','1939-12-14',430),(627,'Cristal Inkin','1974-03-22',NULL),(628,'Hurleigh Peto','1986-04-19',2076),(629,'Eudora Royds','1996-06-26',754),(630,'Emmalynn Eustis','1989-10-10',1779),(631,'Clemmy Slorance','1940-11-30',274),(632,'Bethany Cranch','1932-08-24',1927),(633,'Willis Grand','1966-02-26',1687),(634,'Gennie Inns','1983-11-19',1262),(635,'Pattie Tucker','1973-02-12',917),(636,'Cyndy Knappitt','1997-11-07',1719),(637,'Wilhelmina Hubberstey','1931-09-24',850),(638,'Casie Cranna','1972-01-27',2049),(639,'Cobbie le Keux','1966-05-26',1361),(640,'Sherri Langstrath','1977-02-01',1712),(641,'Bren Heinschke','1986-11-24',1956),(642,'Julia Boodell','1940-05-21',1872),(643,'Chuck McKirton','1978-03-13',1838),(644,'Shawna Dorie','1996-03-29',NULL),(645,'Lexi Allcoat','1984-01-31',NULL),(646,'Karleen Dudek','1942-12-23',698),(647,'Joshia Valek','1951-10-11',909),(648,'Ranique Cathel','1979-08-04',1383),(649,'Tally Vayro','1967-06-21',1747),(650,'Willis Burghall','1980-05-25',2080),(651,'Dulci Tooby','1930-01-22',1466),(652,'Dilan Klemke','1959-10-05',1515),(653,'Kitty Brunesco','1931-08-11',968),(654,'Saudra Goodlud','1971-12-25',2022),(655,'Carlene Denyakin','1939-10-20',171),(656,'Flore Blasi','1955-05-10',849),(657,'Audry Trevaskis','1959-07-06',NULL),(658,'Penny O\'Brallaghan','1999-10-06',1388),(659,'Latia Jimson','1972-12-05',1948),(660,'Aliza Curtois','1957-05-19',1081),(661,'Dwain Dear','1967-11-10',327),(662,'Marcelle Campe','1998-10-10',280),(663,'Darrell Harriskine','1948-03-03',1811),(664,'Eadith Arrighini','1959-02-03',279),(665,'Susan Nelthorpe','1984-08-29',1851),(666,'Sebastien Ewer','1956-01-02',1823),(667,'Roseline Weben','1985-11-16',896),(668,'Roselin Hazeldean','1931-09-07',1943),(669,'Roderick Dightham','1981-09-06',141),(670,'Georgette Wyldbore','1974-04-22',17),(671,'Christal Errigo','1985-06-29',226),(672,'Janean Preene','1983-12-15',NULL),(673,'Shaina Kleanthous','1931-03-20',385),(674,'Serena Strike','1952-01-08',277),(675,'Kathie Sidwick','1965-07-04',1632),(676,'Issi Coathup','1939-02-18',384),(677,'Eba Muzzlewhite','1934-05-04',359),(678,'Jedidiah Gourlay','1940-06-19',305),(679,'Kendal Wagge','2000-07-23',688),(680,'Kahaleel Higgan','1979-12-08',144),(681,'Selle Sharrard','1951-06-23',33),(682,'Dorelia Bidwell','1952-10-10',1248),(683,'Iormina Matussov','1992-11-06',2112),(684,'Celinka Pautard','1972-06-20',NULL),(685,'Laurene Ashton','1995-02-18',445),(686,'Nikola Bailess','1990-10-16',1000),(687,'Pepito Harniman','1983-06-18',1010),(688,'Arlie Mulkerrins','1995-05-11',1116),(689,'Gert Goodliffe','1950-06-26',1142),(690,'Claus Sheeran','1943-06-05',821),(691,'Mordecai Patesel','1979-10-31',2096),(692,'Andrus Gillise','1960-06-07',1686),(693,'Hank Darwood','1983-05-30',238),(694,'Pippa Haswell','1944-08-03',481),(695,'Ira Aldersea','1977-06-09',867),(696,'Laraine Bignal','1979-12-06',1012),(697,'Christal Mc Coughan','1950-08-22',1196),(698,'Linc O\'Neill','1999-10-12',1079),(699,'Maxi Bonifacio','1948-11-16',154),(700,'Raimondo Gunderson','1939-12-07',1315),(701,'Nady Suttaby','1973-02-03',2111),(702,'Bernardina Morland','1996-07-06',1765),(703,'Anthia McMenamin','1947-01-16',1288),(704,'Joyan Deuss','1941-12-06',474),(705,'Rad Colnet','1962-10-26',1499),(706,'Dwain Cansdell','1971-07-30',1055),(707,'Kermit Braithwait','1932-01-14',2024),(708,'Bobby Shakespear','1986-10-06',1358),(709,'Dew Doudney','1945-02-11',650),(710,'Clio Vaisey','1968-09-13',1475),(711,'Emmanuel Marham','1967-03-27',1323),(712,'Debera Churchley','1953-04-09',1814),(713,'Enoch Iverson','1955-03-27',1272),(714,'Shir Troutbeck','1951-10-19',1889),(715,'Valli Sedman','1968-01-21',NULL),(716,'Olivero Ansteys','1988-07-20',1167),(717,'Delores Danko','1984-07-10',1575),(718,'Karlee Bloomfield','1975-12-27',1977),(719,'Kipper Cussons','1939-01-21',1426),(720,'Kylynn Bye','1999-06-12',2056),(721,'Hilarius Meaking','1954-07-18',1896),(722,'Jilleen Lupson','1955-10-23',1346),(723,'Jock Bernhardsson','1965-09-04',1514),(724,'Jenna Seedman','1977-03-25',1875),(725,'Belva Davidy','1935-11-04',267),(726,'Manon Jacquemard','1942-03-10',794),(727,'Salvidor Woodwing','1975-04-06',884),(728,'Felic Sancho','1994-06-23',316),(729,'Muffin Pendrey','1991-11-08',735),(730,'Thorsten Gergus','1934-09-14',610),(731,'Jillane Cavnor','1980-01-12',924),(732,'Hilary Ville','1933-12-02',1150),(733,'Dorella Blinde','1991-07-08',658),(734,'Adela Goodings','1967-10-01',618),(735,'Joseito Stoneman','1953-03-17',340),(736,'Slade Matura','1932-11-15',1775),(737,'Anya Pettifor','1952-05-29',1311),(738,'Jemie Lorking','1979-11-19',1482),(739,'Lewes Dellenbrook','1970-11-02',NULL),(740,'Pren Wakelin','1986-10-10',680),(741,'Mohammed Gerald','1948-02-06',1959),(742,'Alard Patrickson','1950-03-12',894),(743,'Odey Medina','1992-12-25',1743),(744,'Robenia Begwell','1930-06-10',1085),(745,'Talbot Pinar','1985-01-07',106),(746,'Elden Liepmann','1961-04-29',100),(747,'Loutitia Ronchka','1990-04-27',2129),(748,'Barbabra Ropartz','1976-09-24',1819),(749,'Dionisio Goodliffe','1976-12-10',686),(750,'Westbrook Feria','1944-06-07',1798),(751,'Amy Pirozzi','1978-06-28',1172),(752,'Chadd Oakenfall','1956-03-07',415),(753,'Nanci Bellison','1949-12-30',1516),(754,'Simonne Maccrie','1998-09-19',1289),(755,'Virginie Jakucewicz','1972-01-03',1813),(756,'Rasla Chelnam','1995-08-18',1170),(757,'Odie Andreassen','1972-05-11',697),(758,'Juan Feaveryear','1983-09-03',808),(759,'Cesya Olenchenko','1962-04-24',967),(760,'Robbin Bugg','1996-11-25',1110),(761,'Erie Dumbell','1964-10-15',23),(762,'Nick MacWhan','1942-04-06',1435),(763,'Davy Godman','1955-05-25',1452),(764,'Ulberto Daintier','1979-02-12',1010),(765,'Clayborn Lohering','1989-10-21',1424),(766,'Flin Newns','1967-12-06',1355),(767,'Akim Pigdon','1973-04-16',1317),(768,'Maryellen Boxe','1940-04-18',1259),(769,'Baudoin Kyttor','1964-11-14',257),(770,'Jessie Berre','1968-05-12',204),(771,'Kanya Barnham','1988-05-12',645),(772,'Charmain Rentz','1937-09-06',NULL),(773,'Shell Tancock','1988-11-10',19),(774,'Sloane Schubbert','1968-11-10',1073),(775,'Lauralee Houdhury','1994-07-19',1550),(776,'Shepherd Bruneton','1980-05-08',NULL),(777,'Dion Maryska','1951-03-21',197),(778,'Rachael Plenderleith','1959-04-26',899),(779,'Genvieve Clink','1941-05-06',724),(780,'Alvie Shaw','1994-12-18',145),(781,'Anet Roust','1955-04-02',706),(782,'Glyn Crinson','1952-08-14',1344),(783,'Georgianne Tyre','1952-08-28',1945),(784,'Wally Rollin','1983-02-09',207),(785,'Olympie Vasishchev','1996-02-04',1520),(786,'Blaine Coaten','1955-05-28',1781),(787,'Kelly Englishby','1951-02-25',523),(788,'Law Landers','1948-04-12',264),(789,'Chadd Savary','1947-08-31',1030),(790,'Marga Blandamere','1979-04-07',588),(791,'Davin Jako','1941-05-25',1828),(792,'Bear Tilio','1963-04-16',803),(793,'Sharleen Hayworth','1962-02-13',2001),(794,'Porter Booij','1993-03-12',1034),(795,'Mikael Dimanche','1955-12-27',1944),(796,'Farand Haygreen','1964-11-10',2096),(797,'Madalyn McQuade','1962-04-16',1969),(798,'Ozzy Tomkin','1984-08-16',1312),(799,'Merv Boam','1965-02-13',1962),(800,'Karolina Beaufoy','1976-04-16',1226),(801,'Bayard Corrie','1940-07-28',1721),(802,'Angelle Russell','1974-07-09',1574),(803,'Frederico McKeeman','1938-02-14',1715),(804,'Sarene Vergo','1968-03-04',2049),(805,'Elvyn Combes','1946-04-21',1541),(806,'Callie Giraudel','1937-08-02',465),(807,'Rois Fitzpatrick','1976-01-08',384),(808,'Ashton Heak','1958-01-27',215),(809,'Roddy Filippov','1969-12-08',1465),(810,'Verena Pautot','1958-05-12',1477),(811,'Robers Pichmann','1991-05-24',1250),(812,'Aeriel Gerrey','1971-08-06',58),(813,'Derrek Kepling','1990-01-22',557),(814,'Wallis de Banke','1941-07-14',1333),(815,'Darnell Baggarley','1934-06-17',267),(816,'Rosa Rushmere','1979-07-27',1185),(817,'Angelina Kliemchen','1995-02-07',968),(818,'Shoshana Kemp','1969-03-19',NULL),(819,'Isadora Wimsett','1985-12-14',558),(820,'Ulla Ellacombe','1934-02-23',624),(821,'Wiley Atcock','1964-08-17',27),(822,'Gonzales Creegan','1995-05-22',1745),(823,'North Dankersley','1946-02-19',1018),(824,'Jonathan Hayth','1958-02-18',2098),(825,'Caril Baldack','1968-06-18',1440),(826,'Kendell Gulley','1959-01-03',1465),(827,'Husain Shea','1930-11-17',1144),(828,'Emory Malinson','1995-06-08',457),(829,'Steffie Helm','1974-11-01',1517),(830,'Eduino Chrestien','1936-05-03',1925),(831,'Edgard Reynalds','1939-01-31',1943),(832,'Denise Treske','1957-03-31',30),(833,'Isahella McLewd','1941-10-04',211),(834,'Lon Fysh','1995-06-27',1031),(835,'Deirdre Jeffray','1947-07-11',NULL),(836,'Barbi Targett','1937-11-05',695),(837,'Stacia Charnick','1986-01-11',809),(838,'Thia Steedman','1994-03-03',919),(839,'Pembroke Clemson','1930-05-31',1764),(840,'Jamison Sunners','1990-05-26',NULL),(841,'Ximenes Matteoli','1951-02-18',372),(842,'Jemima Sheryn','1958-11-07',506),(843,'Bernita Bevington','1963-01-31',1465),(844,'Barth Schoular','1993-09-26',1222),(845,'Lulita Gilhespy','1950-02-24',1742),(846,'Zenia Ausello','1959-04-08',336),(847,'Chucho Golborne','1940-02-04',1506),(848,'Toddy Sisnett','1931-11-14',583),(849,'Jorge Besnardeau','1977-12-09',871),(850,'Teirtza Coultish','1969-11-11',1345),(851,'Chiquita Klampt','1995-04-01',1901),(852,'Kissie Sharper','1973-08-11',812),(853,'Tymon Lassen','1969-06-02',2080),(854,'Dorie Bridgens','1933-08-07',709),(855,'Charline Pepperill','1933-06-04',1078),(856,'Jackson Gorrie','1956-03-02',NULL),(857,'Levin Bonevant','1930-10-20',858),(858,'Rosemonde Havick','1980-07-26',699),(859,'Benedetta Rixon','1967-06-17',997),(860,'Jarad Szymon','1949-10-23',1972),(861,'Shelley Kiddy','1947-01-24',1967),(862,'Marijo Wix','1992-11-27',710),(863,'Abner Chelsom','1999-12-16',1119),(864,'Serene Berzins','1989-11-03',1794),(865,'Ruthann Volk','1940-12-14',730),(866,'Amberly Somerbell','1996-06-02',105),(867,'Emilio Soro','1993-12-15',1601),(868,'Angelia Dows','1939-01-14',1743),(869,'Sherlock McNeillie','1994-01-05',207),(870,'Hendrika Ivantyev','1991-07-27',213),(871,'Cathee McDowall','1955-03-17',484),(872,'Tiffany Longstaff','1937-03-31',1760),(873,'Eryn Pepineaux','1952-05-26',1895),(874,'Muffin Cathrall','1930-01-13',1159),(875,'Debee Eunson','1995-07-06',1234),(876,'Cassandra Clemenson','1949-03-12',1043),(877,'Pincas Austin','1980-02-29',726),(878,'Sibyl Meaton','1984-11-04',697),(879,'Trev Claussen','1950-09-12',312),(880,'Rebeca Habbergham','1944-12-18',619),(881,'Cam Champley','1986-11-01',NULL),(882,'Xylina Thombleson','1957-10-31',609),(883,'Northrop Wickwarth','1986-07-09',168),(884,'Trix Skewes','1965-08-21',1306),(885,'Danya Rowe','1956-05-15',747),(886,'Tomas Ashmore','1931-10-02',1261),(887,'Artemas Rubenczyk','1968-10-22',1686),(888,'Lorelle Ruggier','1983-06-13',2120),(889,'Christophe Bigrigg','1951-04-01',851),(890,'Harrie Taggert','1973-11-23',1537),(891,'Rawley Adam','1932-11-03',48),(892,'Elke Fardoe','1964-05-29',1982),(893,'Trixi Ferrick','1950-02-07',1480),(894,'Eulalie Tooley','1974-09-21',1800),(895,'Penny Sholl','1998-01-01',1473),(896,'Shoshanna Peacey','1930-09-20',1787),(897,'Petronella Nucci','1998-04-12',1504),(898,'Nikki Witch','1999-06-18',1530),(899,'Min Basillon','1998-11-11',1705),(900,'Monty Bevens','1938-08-29',1321),(901,'Zara Tansey','1949-12-18',1979),(902,'Allene Aloshkin','1985-07-09',859),(903,'Hadrian Chellam','1980-11-29',1631),(904,'Jammie Courtliff','1984-05-05',225),(905,'Henrieta Allberry','1966-11-27',1949),(906,'Thaine Grayshan','1998-05-19',1006),(907,'Tildi Fisher','1994-01-07',2046),(908,'Fredrika Tennock','1979-08-07',1682),(909,'Kristen Cuddehy','1957-05-26',794),(910,'Lyon Saiens','1959-05-26',742),(911,'Ward Casel','1956-11-05',1796),(912,'Ursuline Medlen','1982-05-18',380),(913,'Adriena Engel','1936-03-29',237),(914,'Sherm Fumagallo','1931-10-14',1663),(915,'Ddene Huc','1951-10-18',965),(916,'Dayle Matessian','1938-06-29',282),(917,'Marjorie Ketteridge','1964-09-26',416),(918,'Sol MacNalley','1988-12-10',524),(919,'Hirsch Caville','1970-03-26',248),(920,'Gennie Szwarc','1996-07-24',1980),(921,'Margalo Palatino','1954-02-22',928),(922,'Tamara Clac','1943-12-21',379),(923,'Jewel Berthelet','1949-07-21',2046),(924,'Matty Tongue','1951-08-22',2123),(925,'Shell Bretherton','1979-01-17',1173),(926,'Rhodia Goomes','1978-04-09',1346),(927,'Stacee Klaffs','1988-04-12',1330),(928,'Angelica Holleworth','1952-01-14',1764),(929,'Corliss Caughte','1963-11-12',1568),(930,'Dru Cuolahan','1947-03-16',214),(931,'Winnie Hutley','1968-05-13',140),(932,'Huey Cockrell','1939-07-23',1954),(933,'Melanie Feehily','1958-09-29',NULL),(934,'Greg Poytres','1944-07-21',1705),(935,'Beverie Ludl','1984-11-26',918),(936,'Rudie Jope','1984-12-31',1287),(937,'Olympie Bennoe','1966-10-06',169),(938,'Nonnah Hentzeler','1985-05-19',384),(939,'Jessika Hollows','1991-07-15',2046),(940,'Ogdan Suthren','1973-07-06',1187),(941,'Rebecca Lodin','1933-10-05',1330),(942,'Lennard Bickerstaffe','1941-05-21',1158),(943,'Benedetta Spiaggia','1996-01-21',390),(944,'Nessa Domone','1979-12-08',1388),(945,'Estrellita Jelliman','1937-06-13',822),(946,'Josefina Della Scala','1964-01-22',1446),(947,'Henrik Biesterfeld','1962-10-04',1150),(948,'Berta Bickers','1938-04-28',564),(949,'Sammy Isabell','1964-05-29',1897),(950,'My Kinnie','1963-10-26',791),(951,'Alix Seabridge','1944-04-18',2071),(952,'Garrott Klamman','1934-05-15',1351),(953,'Nari Seid','1977-02-05',365),(954,'Danika Khrishtafovich','1939-09-29',425),(955,'Winna Nisius','1942-01-05',1330),(956,'Jackqueline Poolton','1931-05-30',1051),(957,'Nonnah Epelett','1992-11-09',424),(958,'Reggi Lightollers','1988-12-15',1284),(959,'Joelle Thick','1953-09-12',639),(960,'Marcela Pheazey','1980-11-30',1919),(961,'Grata Skeech','1934-01-04',234),(962,'Aida Dillistone','1960-01-16',NULL),(963,'Emelia Atterbury','1967-12-19',1082),(964,'Dorothee Dupey','1989-02-10',1162),(965,'Jordon Spykings','1955-01-07',1105),(966,'Marion Featenby','1930-03-03',272),(967,'Liva Hucks','1957-10-22',1456),(968,'Karina Reynolds','1982-09-14',1637),(969,'Xever Addington','1990-11-27',1330),(970,'Genni Biskupski','1962-02-10',1678),(971,'Tori Scamel','1974-03-12',1418),(972,'Kevina Stubbs','1968-12-13',1694),(973,'Floria Kieff','1938-10-04',1982),(974,'Hobart Winley','1947-07-13',1644),(975,'Fan Vaudrey','1972-05-16',989),(976,'Zolly Harrald','2000-01-29',NULL),(977,'Fabien Marxsen','1942-07-09',NULL),(978,'Jaquith Ladbrook','1993-12-24',1889),(979,'Oren Mattersley','1953-08-11',22),(980,'Dacey Yepiskov','1988-05-02',397),(981,'Elwyn Patten','1989-12-17',2043),(982,'Becca Gough','1956-08-31',239),(983,'Gerek Trengrove','1983-10-27',NULL),(984,'Pierson Balle','1990-09-03',242),(985,'Inessa Franzman','1931-11-26',1450),(986,'Aubrette Foulcher','1989-03-15',1610),(987,'Arleta Smethurst','1987-09-12',623),(988,'Carce Kenwell','1986-10-19',1926),(989,'Had Girdlestone','1986-02-28',315),(990,'Morena Moffat','1979-11-21',1955),(991,'Shawna Sowood','1956-03-16',1407),(992,'Helen-elizabeth Duchant','1988-03-23',NULL),(993,'Boony Braz','1937-12-15',NULL),(994,'Katy Arnao','1938-10-10',477),(995,'Lay Dowding','1992-10-23',649),(996,'Mariquilla Cultcheth','1935-07-06',NULL),(997,'Elliott Hurcombe','1983-07-19',NULL),(998,'Kamila Hargate','1935-04-30',278),(999,'Hardy Garside','1976-07-07',759),(1000,'Meris Gilbride','1939-09-24',1497);
/*!40000 ALTER TABLE `person` ENABLE KEYS */;
UNLOCK TABLES;

--
-- Table structure for table `trade`
--

DROP TABLE IF EXISTS `trade`;
/*!40101 SET @saved_cs_client     = @@character_set_client */;
/*!50503 SET character_set_client = utf8mb4 */;
CREATE TABLE `trade` (
  `id` int NOT NULL AUTO_INCREMENT,
  `apartment` int NOT NULL,
  `seller` int NOT NULL,
  `price` decimal(15,2) NOT NULL,
  `completed_on` date NOT NULL,
  PRIMARY KEY (`id`),
  KEY `apartment` (`apartment`),
  KEY `seller` (`seller`),
  CONSTRAINT `trade_ibfk_1` FOREIGN KEY (`apartment`) REFERENCES `apartment` (`id`),
  CONSTRAINT `trade_ibfk_2` FOREIGN KEY (`seller`) REFERENCES `person` (`id`)
) ENGINE=InnoDB AUTO_INCREMENT=1618 DEFAULT CHARSET=utf8mb4 COLLATE=utf8mb4_0900_ai_ci;
/*!40101 SET character_set_client = @saved_cs_client */;

--
-- Dumping data for table `trade`
--

LOCK TABLES `trade` WRITE;
/*!40000 ALTER TABLE `trade` DISABLE KEYS */;
INSERT INTO `trade` VALUES (2,807,761,19469.89,'1898-11-30'),(3,812,585,45367.24,'1900-07-16'),(4,996,587,6632.68,'1899-09-01'),(5,1324,720,10820.18,'1900-08-12'),(6,422,933,60451.65,'1901-07-15'),(7,413,913,27772.43,'1900-12-27'),(8,996,830,11557.11,'1901-06-08'),(9,424,577,6728.18,'1902-01-07'),(10,1323,42,13490.52,'1901-01-22'),(11,1705,998,13645.98,'1901-11-20'),(12,1713,72,13543.39,'1901-04-12'),(13,412,164,29246.70,'1903-07-29'),(14,414,112,9723.59,'1902-01-23'),(15,1425,25,6377.10,'1902-04-18'),(16,1710,321,10951.25,'1902-03-12'),(17,416,509,21825.13,'1903-12-24'),(18,997,609,18282.30,'1903-11-14'),(19,1422,98,15833.77,'1903-11-17'),(20,1427,293,25150.40,'1904-01-04'),(21,1324,830,5767.75,'1903-08-07'),(22,1717,289,6053.97,'1903-07-06'),(23,1926,975,11307.94,'1903-03-21'),(24,803,985,42219.84,'1905-02-21'),(25,1715,340,17634.77,'1904-09-23'),(26,1716,357,13140.59,'1905-02-20'),(27,1721,828,26893.30,'1905-04-29'),(28,1707,865,44080.13,'1904-12-08'),(29,1708,517,12236.68,'1904-09-20'),(30,1760,643,22617.06,'1905-03-15'),(31,1916,840,39648.63,'1905-03-30'),(32,412,830,13711.62,'1905-06-23'),(33,413,409,21127.87,'1905-07-24'),(34,812,44,47878.72,'1906-06-09'),(35,1426,767,39251.92,'1906-02-20'),(36,1761,76,9138.72,'1906-02-15'),(37,1922,14,11556.97,'1906-03-17'),(38,414,409,9779.96,'1906-01-12'),(39,417,763,28276.17,'1906-09-17'),(40,727,337,5236.56,'1906-07-19'),(41,996,416,4506.39,'1906-03-27'),(42,1424,626,25721.93,'1906-08-02'),(43,1714,925,9990.96,'1906-03-06'),(44,1717,409,13922.04,'1907-07-31'),(45,1719,336,15475.22,'1907-07-19'),(46,1757,511,7966.16,'1906-06-19'),(47,1759,568,4976.93,'1906-06-14'),(48,1763,801,16078.43,'1906-02-21'),(49,1921,884,6112.68,'1906-01-30'),(50,1915,649,16628.53,'1906-09-15'),(51,423,60,59971.39,'1908-05-23'),(52,738,523,7674.86,'1907-01-08'),(53,803,833,46007.50,'1908-03-13'),(54,806,262,26840.41,'1908-05-28'),(55,810,427,29437.95,'1908-01-23'),(56,811,131,18863.37,'1907-02-20'),(57,1427,830,29989.12,'1908-02-29'),(58,1321,181,57537.03,'1908-08-07'),(59,1534,422,8005.09,'1907-08-19'),(60,1537,205,21868.74,'1907-09-20'),(61,1714,830,15052.95,'1907-06-19'),(62,1707,833,67763.13,'1908-07-21'),(63,1709,594,11100.25,'1908-05-23'),(64,1760,409,13685.12,'1907-07-08'),(65,725,275,19087.70,'1908-06-12'),(66,728,469,25583.69,'1909-08-17'),(67,878,372,18909.42,'1908-12-27'),(68,879,910,22346.45,'1908-05-06'),(69,884,546,34119.31,'1908-09-25'),(70,1540,734,18608.46,'1908-04-09'),(71,1714,833,9700.16,'1908-02-21'),(72,1756,351,30059.54,'1908-12-30'),(73,1757,833,8739.19,'1908-07-08'),(74,1763,833,60007.04,'1909-07-31'),(75,1919,924,43644.72,'1908-11-25'),(76,421,989,25345.37,'1909-09-27'),(77,733,10,41143.34,'1909-10-25'),(78,736,994,39465.90,'1909-11-02'),(79,726,576,37893.38,'1910-07-14'),(80,732,838,33673.28,'1910-05-28'),(81,812,665,37075.80,'1909-12-03'),(82,1322,253,27357.46,'1910-05-16'),(83,1718,670,31923.88,'1909-11-08'),(84,1912,311,15534.64,'1910-07-14'),(85,1914,652,27380.16,'1909-12-29'),(86,1920,777,54677.17,'1910-05-30'),(87,419,167,65761.27,'1911-07-06'),(88,424,833,5198.40,'1910-07-12'),(89,626,88,12548.48,'1910-10-04'),(90,738,833,24598.81,'1910-11-22'),(91,728,833,22702.70,'1911-05-01'),(92,1003,987,26527.78,'1910-10-08'),(93,1421,361,37474.11,'1911-01-17'),(94,1546,761,10346.72,'1910-10-23'),(95,1717,833,13843.85,'1911-06-09'),(96,1764,195,56864.71,'1911-05-03'),(97,624,403,10086.47,'1911-03-11'),(98,623,818,45675.52,'1912-01-30'),(99,729,143,38985.27,'1911-10-23'),(100,881,414,24935.45,'1912-05-22'),(101,885,514,26427.60,'1912-07-18'),(102,999,530,8002.21,'1912-02-09'),(103,1004,452,9219.82,'1911-08-17'),(104,1427,833,21926.21,'1911-08-30'),(105,1324,833,12241.15,'1912-06-12'),(106,1547,64,25088.11,'1911-06-16'),(107,1538,463,4696.29,'1911-04-09'),(108,1715,429,34132.82,'1912-07-17'),(109,2006,409,17254.48,'1911-12-07'),(110,1998,833,12512.74,'1911-05-03'),(111,628,86,12577.63,'1912-11-21'),(112,1000,207,39184.32,'1912-11-12'),(113,1545,238,5969.92,'1912-05-02'),(114,1540,833,29742.21,'1912-08-12'),(115,1991,943,67779.44,'1913-07-04'),(116,2001,308,24423.89,'1912-07-03'),(117,2008,702,40034.05,'1913-01-13'),(118,1994,381,17826.22,'1912-06-14'),(119,724,205,30622.98,'1913-07-24'),(120,997,409,12648.63,'1913-05-03'),(121,1663,207,25885.47,'1914-07-19'),(122,1665,404,44032.41,'1913-12-10'),(123,1666,365,14934.42,'1913-02-07'),(124,1667,326,29563.58,'1913-11-21'),(125,1542,127,43368.30,'1914-05-14'),(126,1543,47,37599.94,'1914-03-13'),(127,1535,533,24774.47,'1913-12-10'),(128,1706,765,16669.28,'1914-05-06'),(129,1913,455,13760.70,'1914-05-09'),(130,1914,833,21877.49,'1913-08-25'),(131,807,833,28320.18,'1915-01-15'),(132,1425,833,22714.11,'1915-08-16'),(133,1322,955,7917.77,'1914-01-23'),(134,1543,830,26897.30,'1914-09-15'),(135,1539,390,49624.68,'1915-03-23'),(136,1720,108,20657.01,'1915-04-13'),(137,1824,271,23886.36,'1914-03-28'),(138,1915,409,18665.49,'1914-09-06'),(139,2001,830,39944.83,'1915-01-08'),(140,2002,982,11029.61,'1914-01-03'),(141,423,833,66237.86,'1916-04-17'),(142,617,989,39662.81,'1916-04-04'),(143,728,830,7717.62,'1915-02-16'),(144,730,973,34620.46,'1916-01-02'),(145,808,576,19880.76,'1916-03-02'),(146,996,833,4690.16,'1915-02-27'),(147,1660,53,19319.54,'1915-09-08'),(148,1707,830,33577.77,'1915-06-04'),(149,1765,519,27551.44,'1915-05-10'),(150,1830,439,5758.46,'1915-03-16'),(151,1914,830,14577.54,'1915-04-03'),(152,1917,834,17662.06,'1915-09-24'),(153,1918,512,23315.22,'1916-06-09'),(154,2007,622,70498.76,'1916-05-15'),(155,1996,758,6687.08,'1915-07-09'),(156,1999,144,11449.90,'1915-03-20'),(157,116,320,22190.41,'1916-08-21'),(158,412,833,26004.89,'1916-12-08'),(159,418,956,30888.62,'1916-05-22'),(160,625,921,6140.81,'1916-03-15'),(161,629,499,40435.92,'1917-07-02'),(162,616,727,31369.95,'1917-02-15'),(163,622,483,4088.55,'1916-03-28'),(164,878,830,12908.27,'1916-05-25'),(165,945,943,45741.06,'1917-04-11'),(166,1322,830,27412.79,'1917-02-16'),(167,1323,830,17708.11,'1916-01-18'),(168,1547,830,41089.58,'1916-11-05'),(169,1536,268,42825.74,'1917-06-25'),(170,1714,830,31316.76,'1917-02-04'),(171,1712,730,33970.56,'1917-05-08'),(172,1925,202,20605.29,'1917-01-05'),(173,2000,830,15009.47,'1916-02-20'),(174,2004,757,44498.95,'1917-02-22'),(175,1993,552,47147.17,'1916-10-02'),(176,109,377,14781.43,'1917-02-14'),(177,624,830,31079.71,'1918-03-04'),(178,626,830,24497.21,'1918-07-08'),(179,884,830,50897.33,'1917-12-24'),(180,1009,231,33329.61,'1917-10-16'),(181,1424,409,47759.08,'1918-01-18'),(182,1550,929,46193.23,'1918-06-18'),(183,1551,557,55179.33,'1918-06-13'),(184,1755,427,33277.38,'1917-10-22'),(185,1761,833,5707.35,'1917-05-01'),(186,1762,905,17215.29,'1917-05-22'),(187,1822,20,15214.77,'1917-06-20'),(188,1853,387,54876.07,'1918-08-16'),(189,2005,518,9547.89,'1918-03-29'),(190,2006,833,9755.59,'1917-03-29'),(191,1998,830,14837.68,'1917-05-06'),(192,1,668,36830.51,'1918-09-02'),(193,8,654,34201.06,'1919-05-28'),(194,115,301,18054.06,'1919-08-20'),(195,107,36,10622.49,'1918-06-22'),(196,619,840,34910.57,'1919-02-22'),(197,735,360,2931.04,'1918-01-29'),(198,946,377,38010.36,'1918-07-09'),(199,1006,949,23871.54,'1919-05-24'),(200,1011,339,33523.39,'1918-09-20'),(201,1420,363,49918.88,'1918-10-02'),(202,1422,833,28641.16,'1919-04-02'),(203,1423,328,32251.50,'1918-08-25'),(204,1323,833,31743.31,'1918-05-08'),(205,1662,344,7529.02,'1918-02-10'),(206,1664,686,25663.60,'1919-01-29'),(207,1452,750,47546.10,'1918-12-14'),(208,1456,182,12078.64,'1918-04-05'),(209,1832,217,35051.58,'1919-01-26'),(210,1854,981,23956.80,'1918-05-10'),(211,1842,72,44569.86,'1918-08-07'),(212,2003,895,72253.16,'1919-04-10'),(213,105,773,14803.19,'1919-01-22'),(214,415,240,12296.22,'1919-12-23'),(215,731,549,94098.95,'1920-07-24'),(216,883,934,18357.48,'1919-01-08'),(217,1461,955,31035.60,'1919-11-18'),(218,1455,275,37831.42,'1919-08-02'),(219,1549,727,12238.49,'1919-07-23'),(220,1828,211,27145.46,'1919-03-22'),(221,1914,144,35567.64,'1919-12-21'),(222,1992,350,37911.62,'1919-05-24'),(223,2123,298,14169.19,'1919-01-12'),(224,2125,604,58840.87,'1920-06-21'),(225,2127,701,43945.01,'1919-08-19'),(226,119,552,31989.13,'1920-10-19'),(227,102,308,47187.86,'1920-07-12'),(228,622,830,7483.81,'1920-07-28'),(229,1543,833,61748.09,'1921-08-03'),(230,1714,833,34189.87,'1920-12-14'),(231,1850,985,14547.05,'1920-01-18'),(232,1838,481,17854.74,'1920-06-22'),(233,1923,885,39194.12,'1920-06-09'),(234,1918,833,8368.48,'1920-02-15'),(235,2131,226,58893.99,'1921-07-10'),(236,2128,8,48770.09,'1920-08-20'),(237,416,830,37450.71,'1922-01-15'),(238,624,833,18164.32,'1921-05-08'),(239,804,833,58711.96,'1921-10-04'),(240,1533,604,60044.96,'1921-12-24'),(241,1764,833,31786.69,'1921-04-08'),(242,1924,478,78078.36,'1922-01-28'),(243,2132,778,31568.13,'1922-01-19'),(244,6,489,32938.73,'1922-03-27'),(245,114,684,11903.49,'1922-02-28'),(246,116,830,46114.84,'1923-03-20'),(247,724,830,64436.79,'1922-12-25'),(248,728,833,39358.28,'1923-07-27'),(249,809,29,10024.39,'1922-12-07'),(250,882,703,29725.23,'1922-03-14'),(251,944,942,17902.77,'1923-03-24'),(252,1005,984,52136.81,'1923-02-17'),(253,1010,661,40460.35,'1922-08-24'),(254,1843,927,51548.53,'1922-09-06'),(255,1844,950,42492.89,'1922-12-12'),(256,1927,54,80316.91,'1923-02-16'),(257,2134,147,36146.02,'1922-06-16'),(258,111,835,84994.27,'1924-03-14'),(259,106,937,62852.76,'1924-05-21'),(260,423,429,59098.87,'1923-08-22'),(261,943,750,56253.14,'1924-06-24'),(262,1428,823,63661.12,'1924-02-05'),(263,1453,855,21908.09,'1924-02-02'),(264,1454,199,5273.53,'1923-02-14'),(265,1538,833,17252.98,'1924-03-01'),(266,1541,68,15926.01,'1924-08-15'),(267,1826,341,55752.81,'1923-08-29'),(268,1841,37,25771.97,'1923-04-11'),(269,2129,60,48761.93,'1924-07-14'),(270,103,110,52459.83,'1925-01-01'),(271,416,429,31392.34,'1924-08-14'),(272,615,623,44943.07,'1924-09-19'),(273,627,616,10468.18,'1924-06-28'),(274,1012,300,49101.79,'1924-10-20'),(275,1016,97,19689.05,'1924-03-11'),(276,1324,830,10110.34,'1924-07-02'),(277,1548,899,68274.29,'1925-02-10'),(278,1537,830,45848.31,'1924-11-26'),(279,1717,830,21891.21,'1925-04-23'),(280,1837,345,38756.59,'1924-04-03'),(281,1852,487,107661.95,'1925-05-28'),(282,1855,48,28111.63,'1924-08-09'),(283,1993,830,112491.14,'1925-06-14'),(284,410,711,68894.06,'1925-09-05'),(285,628,830,7029.07,'1925-01-02'),(286,829,327,29392.84,'1925-02-26'),(287,831,778,20221.03,'1925-02-08'),(288,1014,72,46561.29,'1926-08-17'),(289,1015,35,27433.61,'1925-11-08'),(290,1661,10,29712.14,'1926-03-24'),(291,1720,833,22619.34,'1925-09-10'),(292,1831,349,48140.34,'1925-06-26'),(293,1840,533,16907.14,'1926-07-07'),(294,1845,365,68719.97,'1926-04-16'),(295,2133,415,50286.43,'1926-01-08'),(296,100,303,25313.28,'1926-01-28'),(297,110,220,52730.52,'1927-05-04'),(298,621,235,61553.03,'1927-05-06'),(299,637,355,25113.94,'1926-02-13'),(300,1021,899,27712.88,'1926-10-22'),(301,1717,833,18172.57,'1926-11-15'),(302,1847,90,21498.00,'1926-04-21'),(303,1856,223,88210.08,'1927-04-04'),(304,2001,833,34655.00,'1926-04-18'),(305,4,571,26719.54,'1927-06-14'),(306,634,151,77771.43,'1928-06-21'),(307,821,946,78832.72,'1927-10-19'),(308,1022,349,48188.36,'1928-05-13'),(309,1018,754,17400.31,'1927-01-18'),(310,1330,800,121339.16,'1928-05-06'),(311,1459,142,52752.88,'1928-05-13'),(312,1927,830,110599.45,'1928-03-21'),(313,432,984,125170.59,'1929-07-05'),(314,628,833,21825.53,'1928-09-16'),(315,737,674,44786.31,'1929-04-19'),(316,808,833,13317.24,'1928-02-27'),(317,832,504,10345.71,'1928-02-28'),(318,822,775,64795.95,'1928-09-16'),(319,884,833,93045.65,'1929-01-17'),(320,1011,833,21327.16,'1928-01-08'),(321,1324,833,25166.65,'1929-06-18'),(322,1329,37,9835.44,'1928-01-18'),(323,1707,833,58854.13,'1928-05-16'),(324,101,941,5308.58,'1929-01-24'),(325,622,833,17995.60,'1930-02-08'),(326,639,101,56376.30,'1929-06-04'),(327,635,385,90352.54,'1930-05-31'),(328,638,44,88589.14,'1929-11-05'),(329,805,384,58011.02,'1929-09-18'),(330,830,948,121120.93,'1930-02-20'),(331,834,851,51356.85,'1929-11-26'),(332,1322,833,31355.21,'1929-07-11'),(333,1840,833,9297.24,'1929-06-24'),(334,1995,650,136885.96,'1930-04-24'),(335,1998,453,40188.90,'1929-09-20'),(336,2081,505,43646.64,'1929-03-11'),(337,2077,245,38554.79,'1930-04-07'),(338,620,550,11175.22,'1930-08-17'),(339,640,832,77164.59,'1931-05-08'),(340,631,118,55539.47,'1930-08-20'),(341,633,621,50063.65,'1930-10-09'),(342,818,57,36338.24,'1931-08-12'),(343,827,745,44301.50,'1930-11-06'),(344,828,828,47011.81,'1930-03-28'),(345,1427,830,49869.66,'1930-09-16'),(346,1328,253,13325.68,'1930-04-21'),(347,1333,300,36841.58,'1930-02-07'),(348,1829,472,75540.10,'1930-07-06'),(349,1948,383,37639.64,'1930-10-03'),(350,2084,660,32193.32,'1930-07-04'),(351,2074,278,11980.12,'1930-07-28'),(352,9,132,12181.82,'1931-02-02'),(353,425,309,22122.36,'1931-03-06'),(354,428,616,60522.64,'1931-06-07'),(355,429,202,45493.87,'1932-07-27'),(356,431,572,63516.53,'1931-08-25'),(357,618,707,95708.81,'1931-10-03'),(358,1027,246,102404.18,'1932-08-15'),(359,1033,927,32687.33,'1931-04-25'),(360,1332,959,101621.10,'1931-11-02'),(361,1334,227,28885.43,'1932-07-15'),(362,1460,334,49573.82,'1931-08-15'),(363,1537,833,52991.77,'1931-09-22'),(364,1770,636,13439.64,'1931-01-01'),(365,1771,829,155350.50,'1932-06-23'),(366,1943,82,40741.94,'1931-12-19'),(367,1956,471,54449.62,'1931-03-29'),(368,1949,414,72685.06,'1931-08-20'),(369,2070,103,50090.21,'1931-08-13'),(370,2083,83,126052.86,'1932-03-17'),(371,2076,879,29664.19,'1931-03-07'),(372,2130,327,28419.67,'1931-04-20'),(373,117,563,15767.77,'1932-06-24'),(374,427,735,87310.07,'1932-12-03'),(375,1029,717,19835.52,'1932-06-23'),(376,1424,830,132462.41,'1933-08-12'),(377,1667,833,58234.20,'1932-09-19'),(378,1771,833,156994.66,'1933-06-04'),(379,1849,891,53875.88,'1932-04-03'),(380,2070,833,60929.86,'1932-10-15'),(381,2073,860,35219.14,'1932-02-12'),(382,264,126,28247.61,'1933-06-07'),(383,269,672,37058.23,'1933-08-14'),(384,257,892,15983.44,'1933-06-04'),(385,258,289,104980.18,'1934-07-30'),(386,260,694,11977.28,'1933-08-03'),(387,263,444,56850.16,'1934-03-03'),(388,620,830,9214.46,'1933-05-11'),(389,630,981,98613.60,'1934-04-29'),(390,635,830,70966.77,'1933-11-03'),(391,742,736,65664.44,'1933-05-22'),(392,835,228,146888.51,'1934-04-16'),(393,822,833,33043.78,'1933-01-26'),(394,878,833,37002.01,'1933-08-31'),(395,1007,791,68221.59,'1933-06-05'),(396,1035,682,21188.24,'1934-01-23'),(397,1450,71,55126.40,'1934-02-01'),(398,1926,833,88377.06,'1934-05-06'),(399,1957,689,22271.94,'1933-03-08'),(400,1945,443,105110.69,'1934-08-23'),(401,1951,931,44024.00,'1934-02-13'),(402,2004,833,119158.54,'1934-07-11'),(403,2080,557,97928.20,'1934-06-01'),(404,2078,833,89366.65,'1933-08-27'),(405,2,469,80487.13,'1935-03-15'),(406,119,830,37752.28,'1934-05-12'),(407,268,603,92874.17,'1935-03-17'),(408,259,607,108669.25,'1935-04-07'),(409,262,802,113839.80,'1935-01-17'),(410,420,823,11075.68,'1934-06-04'),(411,724,833,154554.18,'1935-08-03'),(412,746,146,79786.10,'1934-11-26'),(413,1036,25,21814.69,'1934-11-03'),(414,1031,379,74073.78,'1935-06-12'),(415,1424,833,135158.04,'1935-07-02'),(416,1335,330,60476.77,'1934-04-11'),(417,1569,57,48566.44,'1934-07-19'),(418,1572,722,54058.79,'1935-05-07'),(419,1706,830,13900.98,'1934-03-10'),(420,1839,300,65000.28,'1935-03-09'),(421,1927,833,129826.28,'1935-01-28'),(422,1952,662,80406.82,'1934-11-05'),(423,1953,409,161968.39,'1935-04-25'),(424,1947,767,23801.22,'1934-11-22'),(425,119,833,62022.52,'1935-10-17'),(426,108,704,130856.71,'1935-12-05'),(427,625,830,37963.23,'1936-03-13'),(428,630,830,73995.34,'1935-10-13'),(429,893,285,31996.91,'1936-08-16'),(430,902,636,64618.19,'1936-06-26'),(431,895,728,23544.85,'1936-05-21'),(432,901,329,19381.11,'1935-01-23'),(433,1019,616,36375.52,'1935-02-12'),(434,1564,54,27422.38,'1935-02-11'),(435,1575,860,25808.85,'1935-12-07'),(436,1848,288,182225.35,'1936-07-03'),(437,256,980,46837.31,'1936-12-06'),(438,509,615,99378.73,'1937-06-16'),(439,620,833,26986.96,'1937-07-20'),(440,740,44,24723.46,'1936-03-25'),(441,745,68,75914.54,'1936-11-25'),(442,823,786,76863.23,'1936-05-03'),(443,1453,833,33420.71,'1936-11-21'),(444,1544,33,140237.94,'1937-05-21'),(445,1578,919,19471.47,'1936-03-26'),(446,1567,487,194635.37,'1937-07-02'),(447,1738,920,110659.97,'1936-11-09'),(448,1840,830,21304.44,'1937-02-19'),(449,1955,547,177341.39,'1937-05-24'),(450,1996,830,34241.95,'1937-06-15'),(451,1997,792,53913.65,'1937-02-04'),(452,2080,833,49196.99,'1936-05-22'),(453,2071,523,55012.15,'1936-04-09'),(454,112,587,34791.21,'1937-07-26'),(455,101,665,10282.19,'1937-04-04'),(456,751,435,40285.39,'1938-06-29'),(457,825,557,183864.43,'1938-08-23'),(458,1008,733,114289.16,'1938-07-15'),(459,1013,469,75416.24,'1937-08-01'),(460,1020,343,16439.80,'1937-04-10'),(461,1028,290,24706.72,'1937-12-10'),(462,1451,489,12673.07,'1937-02-20'),(463,1576,750,20602.89,'1937-11-06'),(464,1579,216,154425.95,'1938-07-27'),(465,1566,87,44214.91,'1937-03-25'),(466,1737,246,71998.02,'1938-01-10'),(467,1851,784,40932.28,'1937-01-20'),(468,1946,114,86754.11,'1937-10-28'),(469,1949,833,114183.54,'1937-11-07'),(470,426,864,89499.95,'1938-07-17'),(471,506,260,100342.91,'1939-03-14'),(472,507,125,74044.20,'1938-06-11'),(473,749,375,18364.42,'1938-10-15'),(474,741,867,39211.98,'1939-02-15'),(475,836,904,149042.97,'1939-05-07'),(476,1032,754,134848.90,'1939-01-04'),(477,1051,481,95682.98,'1939-04-17'),(478,1053,741,43888.46,'1938-12-23'),(479,1048,300,61521.18,'1939-08-06'),(480,1711,786,206763.61,'1939-06-12'),(481,1775,291,20945.67,'1938-02-12'),(482,1950,547,79622.82,'1938-05-24'),(483,2072,142,89067.99,'1938-08-09'),(484,2075,221,147324.96,'1939-01-07'),(485,2126,196,21815.46,'1938-03-15'),(486,430,545,48694.58,'1939-05-24'),(487,503,199,62345.28,'1940-01-25'),(488,1042,29,24918.96,'1940-02-15'),(489,1054,950,34695.57,'1939-09-11'),(490,1237,451,127666.62,'1939-08-30'),(491,1457,316,114498.17,'1940-01-22'),(492,1776,596,51262.16,'1939-05-05'),(493,1840,833,22414.03,'1939-12-21'),(494,113,141,75838.03,'1940-11-14'),(495,116,833,128226.96,'1941-07-26'),(496,255,358,164418.46,'1941-08-06'),(497,261,211,69193.29,'1940-07-16'),(498,505,850,68718.17,'1940-04-13'),(499,1017,471,78442.40,'1940-12-19'),(500,1030,245,230534.42,'1941-08-13'),(501,1267,395,52356.98,'1941-03-26'),(502,1268,521,108220.41,'1940-11-09'),(503,1946,429,76693.49,'1940-07-06'),(504,1993,833,227000.08,'1941-06-02'),(505,2122,372,212072.88,'1941-06-14'),(506,7,424,124969.88,'1942-02-16'),(507,266,468,34474.21,'1942-04-16'),(508,502,843,31638.17,'1942-03-31'),(509,626,833,30857.73,'1941-05-17'),(510,632,766,35813.89,'1941-08-16'),(511,820,877,48315.73,'1942-06-06'),(512,1002,453,201937.94,'1942-05-15'),(513,1043,378,139704.96,'1941-12-13'),(514,1044,783,90461.37,'1941-06-25'),(515,1047,833,126767.75,'1942-07-09'),(516,1336,18,167395.21,'1942-03-29'),(517,2027,381,42875.30,'1941-03-14'),(518,109,833,177626.13,'1943-07-16'),(519,267,159,54898.49,'1942-04-01'),(520,907,872,109887.30,'1942-05-24'),(521,898,884,151845.05,'1943-04-21'),(522,1427,833,60088.48,'1942-05-10'),(523,1574,556,68907.12,'1942-11-20'),(524,1568,708,59402.06,'1943-07-18'),(525,2026,522,32183.71,'1942-03-24'),(526,657,472,134284.66,'1944-03-30'),(527,661,671,52265.18,'1943-06-12'),(528,958,860,117885.76,'1944-01-16'),(529,1057,373,178911.00,'1944-01-20'),(530,1331,98,190267.02,'1944-03-19'),(531,1774,894,14507.26,'1943-04-26'),(532,1917,830,98863.48,'1944-04-26'),(533,2009,649,27118.61,'1943-04-01'),(534,2024,385,31091.33,'1943-09-14'),(535,2082,614,82110.49,'1943-02-25'),(536,311,751,32225.86,'1944-03-02'),(537,317,939,97602.54,'1945-06-05'),(538,264,833,87098.09,'1945-01-27'),(539,508,342,76558.93,'1944-10-12'),(540,531,928,141345.05,'1944-09-17'),(541,518,616,170100.99,'1945-02-24'),(542,520,780,156819.69,'1945-03-29'),(543,630,833,145669.33,'1945-01-21'),(544,656,197,175481.63,'1944-10-14'),(545,647,291,74556.43,'1944-05-12'),(546,652,310,35868.01,'1945-03-12'),(547,904,400,29434.90,'1944-03-05'),(548,899,855,50387.52,'1945-02-26'),(549,900,337,89127.77,'1944-12-22'),(550,965,234,36381.12,'1944-04-10'),(551,967,249,146770.57,'1945-02-18'),(552,1235,294,95501.93,'1945-03-06'),(553,1736,190,204383.44,'1945-08-05'),(554,1825,45,66757.72,'1944-04-24'),(555,1996,833,54134.78,'1945-07-11'),(556,2025,565,76014.82,'1944-05-06'),(557,26,297,40457.16,'1945-02-23'),(558,118,596,10171.50,'1945-01-01'),(559,104,959,239422.00,'1946-05-20'),(560,501,182,126429.22,'1945-08-22'),(561,526,8,23760.64,'1945-04-10'),(562,519,767,222773.04,'1946-05-09'),(563,524,105,199717.27,'1946-02-06'),(564,660,656,87384.93,'1945-02-20'),(565,750,926,54970.75,'1945-09-27'),(566,752,476,185786.63,'1946-08-03'),(567,826,232,57231.93,'1945-04-05'),(568,905,474,179828.63,'1946-01-30'),(569,951,916,47294.62,'1946-01-26'),(570,1045,373,170419.81,'1945-08-25'),(571,1078,323,46962.45,'1945-02-17'),(572,1081,69,198279.31,'1945-12-25'),(573,1266,465,53806.56,'1946-02-18'),(574,1477,224,61130.40,'1945-10-17'),(575,1482,316,134210.35,'1946-05-27'),(576,1469,90,166824.56,'1946-05-21'),(577,1772,521,13696.69,'1945-03-21'),(578,1868,548,141224.07,'1945-09-30'),(579,2023,936,33823.10,'1945-05-05'),(580,2084,830,124493.82,'1946-05-04'),(581,530,897,102952.34,'1947-06-26'),(582,635,833,102614.12,'1946-07-19'),(583,636,998,54110.79,'1946-06-19'),(584,824,192,118791.58,'1946-07-20'),(585,897,728,120912.48,'1947-03-11'),(586,950,687,33703.00,'1946-03-06'),(587,962,356,260484.13,'1947-08-23'),(588,966,240,212338.12,'1947-04-21'),(589,1046,411,47691.17,'1946-07-19'),(590,1082,636,117253.69,'1946-10-14'),(591,1087,541,185662.27,'1946-09-19'),(592,1076,140,47345.88,'1946-01-12'),(593,1077,830,77148.09,'1946-06-21'),(594,1266,830,64718.60,'1947-05-17'),(595,1269,620,75283.45,'1946-04-28'),(596,1573,359,173314.56,'1947-05-10'),(597,1577,53,145584.52,'1946-07-02'),(598,1869,611,233210.02,'1947-03-20'),(599,2022,304,83370.17,'1946-10-16'),(600,2124,62,103200.33,'1946-06-28'),(601,20,214,118183.02,'1947-06-02'),(602,164,289,110647.76,'1947-09-12'),(603,165,955,310967.96,'1948-07-19'),(604,527,225,223381.56,'1947-10-29'),(605,522,401,30437.86,'1947-09-20'),(606,645,869,43748.22,'1947-07-17'),(607,819,574,23220.55,'1947-03-06'),(608,953,249,148580.47,'1948-07-02'),(609,955,780,76223.81,'1947-12-04'),(610,1055,315,275797.07,'1948-08-19'),(611,1083,197,250636.42,'1948-02-04'),(612,1074,16,136754.35,'1947-10-27'),(613,1075,768,18681.32,'1947-03-18'),(614,1079,31,205419.22,'1948-01-11'),(615,1458,528,30313.74,'1947-07-02'),(616,1465,768,155147.15,'1948-01-19'),(617,2029,15,111668.86,'1948-05-24'),(618,30,932,67946.38,'1948-10-19'),(619,18,630,208606.34,'1949-02-24'),(620,172,898,106584.21,'1948-07-01'),(621,174,812,261154.52,'1949-01-06'),(622,210,951,335882.87,'1949-08-16'),(623,516,723,361009.59,'1949-08-19'),(624,956,276,151431.61,'1948-09-21'),(625,1049,528,159225.93,'1948-06-08'),(626,1425,830,51120.56,'1948-07-22'),(627,1773,700,126350.15,'1949-02-24'),(628,1873,431,181387.02,'1948-09-25'),(629,2000,833,221722.70,'1949-05-28'),(630,2079,376,88112.73,'1949-06-06'),(631,314,948,66468.59,'1950-04-11'),(632,504,175,20160.46,'1949-03-18'),(633,523,381,153525.33,'1950-08-16'),(634,655,638,302656.36,'1950-06-13'),(635,658,821,133675.15,'1949-04-13'),(636,659,220,26761.92,'1949-02-04'),(637,903,482,158235.68,'1949-12-19'),(638,952,824,227110.58,'1950-06-06'),(639,957,131,209287.83,'1949-10-15'),(640,1084,504,86154.16,'1949-01-13'),(641,1080,609,170535.04,'1950-07-31'),(642,1476,871,204447.43,'1949-11-20'),(643,1469,830,190460.97,'1950-04-29'),(644,1473,17,101874.81,'1949-09-17'),(645,1547,833,253420.38,'1950-04-09'),(646,1823,514,133426.57,'1950-01-12'),(647,2030,744,190265.58,'1950-07-15'),(648,5,300,173878.70,'1950-09-12'),(649,16,91,162873.38,'1950-05-26'),(650,28,990,133188.39,'1950-06-06'),(651,131,133,46376.49,'1951-03-26'),(652,171,401,143595.59,'1950-08-10'),(653,173,676,208665.32,'1950-11-11'),(654,162,333,109573.19,'1950-07-29'),(655,166,180,158615.38,'1951-04-14'),(656,212,665,354910.27,'1951-08-15'),(657,525,143,202080.99,'1951-07-25'),(658,518,833,219308.28,'1951-03-08'),(659,744,681,80256.67,'1950-03-07'),(660,833,457,79633.78,'1950-03-30'),(661,1089,34,65627.45,'1951-02-20'),(662,1481,791,99515.15,'1950-05-29'),(663,25,55,29217.88,'1951-07-11'),(664,34,916,156110.27,'1951-05-05'),(665,22,560,230004.88,'1952-04-13'),(666,215,279,162131.79,'1951-07-20'),(667,337,216,161052.00,'1952-04-22'),(668,330,751,168442.22,'1951-11-05'),(669,968,848,93730.63,'1951-12-07'),(670,1354,21,44904.93,'1951-05-19'),(671,1927,830,241569.45,'1951-11-04'),(672,1954,731,274656.69,'1952-08-01'),(673,104,429,284697.80,'1953-03-17'),(674,176,342,72278.83,'1952-09-13'),(675,163,940,20042.59,'1952-01-11'),(676,338,504,109190.46,'1952-08-11'),(677,331,75,212862.90,'1952-08-11'),(678,334,663,152960.77,'1952-04-19'),(679,235,907,163323.13,'1953-06-12'),(680,265,186,187941.54,'1952-09-06'),(681,548,791,65217.38,'1952-10-22'),(682,551,26,50599.08,'1952-04-02'),(683,648,349,89035.63,'1952-12-16'),(684,650,371,103518.56,'1952-03-29'),(685,743,17,31835.36,'1952-02-04'),(686,852,947,67424.43,'1952-02-07'),(687,854,207,40890.72,'1952-08-29'),(688,857,571,117486.45,'1952-10-26'),(689,896,722,243116.94,'1953-04-14'),(690,961,287,101536.02,'1953-08-19'),(691,964,980,53132.00,'1952-08-01'),(692,1077,429,51991.01,'1952-01-22'),(693,1266,429,27238.75,'1952-03-08'),(694,1425,22,122158.16,'1953-08-02'),(695,1357,733,246792.82,'1952-11-08'),(696,1359,958,34120.36,'1952-05-13'),(697,1345,551,48951.83,'1952-02-23'),(698,1350,343,90236.28,'1952-05-22'),(699,27,759,269217.10,'1954-01-01'),(700,232,737,240095.58,'1954-02-06'),(701,242,893,240970.39,'1954-04-20'),(702,240,895,55444.14,'1954-03-26'),(703,547,392,47132.40,'1953-01-03'),(704,747,350,41353.85,'1953-01-06'),(705,880,370,125053.98,'1954-02-15'),(706,969,967,73120.65,'1953-05-11'),(707,1119,242,146107.93,'1953-05-05'),(708,1234,654,223213.47,'1953-12-17'),(709,1344,829,98311.21,'1953-06-06'),(710,1346,98,386049.26,'1954-07-14'),(711,170,766,72464.18,'1954-03-14'),(712,313,164,85597.44,'1955-07-18'),(713,340,253,349960.66,'1955-04-27'),(714,329,208,252897.19,'1954-09-18'),(715,243,513,121262.37,'1954-11-29'),(716,517,903,60165.78,'1954-01-15'),(717,557,510,135607.99,'1954-11-03'),(718,558,909,372628.07,'1955-03-31'),(719,549,683,204174.35,'1955-02-13'),(720,552,649,206807.28,'1954-09-24'),(721,732,830,227858.52,'1955-06-22'),(722,1117,206,459528.29,'1955-08-05'),(723,1121,688,23673.79,'1954-04-05'),(724,1236,470,211049.27,'1954-07-03'),(725,1827,78,61313.96,'1954-10-25'),(726,168,813,90146.75,'1955-11-06'),(727,211,42,203979.02,'1955-07-20'),(728,316,42,111009.10,'1955-05-02'),(729,336,649,192969.97,'1955-12-24'),(730,233,656,441697.81,'1956-05-17'),(731,447,415,91750.53,'1955-05-02'),(732,654,643,238499.22,'1955-12-12'),(733,849,632,82203.23,'1955-04-22'),(734,1085,160,72135.15,'1955-05-01'),(735,1104,65,268928.82,'1956-05-20'),(736,1106,425,55644.38,'1955-05-15'),(737,1107,523,89349.32,'1955-04-20'),(738,1108,981,361629.93,'1956-04-03'),(739,1351,819,116075.39,'1955-06-20'),(740,1479,377,144540.45,'1956-07-19'),(741,1467,834,47256.52,'1955-08-17'),(742,35,842,206254.71,'1956-11-16'),(743,315,994,215771.32,'1956-11-24'),(744,342,731,94968.24,'1957-02-23'),(745,328,172,78382.14,'1957-04-29'),(746,248,609,133150.83,'1956-11-14'),(747,250,935,125802.39,'1956-02-23'),(748,855,429,104994.96,'1956-05-04'),(749,959,529,45337.16,'1956-10-08'),(750,1056,40,80043.36,'1957-01-24'),(751,1348,568,301447.81,'1957-04-04'),(752,1570,837,17478.29,'1956-02-08'),(753,1571,902,79096.15,'1956-11-03'),(754,2096,461,56393.19,'1956-06-25'),(755,2089,429,308472.47,'1957-01-10'),(756,2091,416,123435.81,'1957-03-13'),(757,2092,815,342912.11,'1957-08-12'),(758,3,293,161313.78,'1957-08-08'),(759,21,506,26609.85,'1957-02-08'),(760,341,883,499851.06,'1958-06-23'),(761,440,25,146616.38,'1957-02-22'),(762,625,833,77894.54,'1957-10-27'),(763,732,429,139306.57,'1957-08-13'),(764,856,731,119355.79,'1957-02-15'),(765,963,561,215027.28,'1958-08-17'),(766,954,580,51262.91,'1957-03-02'),(767,1052,631,330497.83,'1957-11-27'),(768,1113,830,217162.39,'1957-09-30'),(769,1114,147,111978.73,'1957-08-18'),(770,1475,195,168763.17,'1958-05-06'),(771,1927,513,334919.22,'1957-12-13'),(772,1944,154,110523.84,'1957-04-10'),(773,2028,667,183518.22,'1958-08-06'),(774,2088,266,79683.84,'1957-11-06'),(775,17,397,211865.33,'1959-08-11'),(776,343,42,49650.38,'1958-02-21'),(777,236,732,88180.13,'1958-08-05'),(778,445,238,272342.78,'1959-04-23'),(779,446,381,303492.84,'1959-02-15'),(780,554,154,131257.87,'1958-07-03'),(781,1115,186,189224.10,'1959-03-05'),(782,1116,36,60433.91,'1959-01-18'),(783,1353,846,446005.23,'1959-06-09'),(784,1360,570,158806.48,'1958-05-01'),(785,1782,609,385034.18,'1959-07-07'),(786,1823,429,176901.10,'1958-12-07'),(787,2000,429,107685.78,'1958-03-10'),(788,2084,429,119770.61,'1958-08-05'),(789,2094,760,49941.79,'1958-05-18'),(790,2095,573,327094.72,'1959-03-31'),(791,2087,658,229793.20,'1959-08-05'),(792,161,429,106574.48,'1959-04-23'),(793,167,561,296374.34,'1960-01-20'),(794,318,937,316551.33,'1959-10-03'),(795,339,357,127374.17,'1959-05-02'),(796,249,644,82608.05,'1959-09-28'),(797,270,73,564205.44,'1960-07-09'),(798,283,826,368401.88,'1960-08-23'),(799,271,492,123201.14,'1959-03-20'),(800,273,964,298229.40,'1960-06-19'),(801,510,507,411651.98,'1960-07-19'),(802,529,994,118901.84,'1959-04-06'),(803,521,423,307142.89,'1960-01-20'),(804,739,252,174972.10,'1959-07-11'),(805,1088,722,56873.77,'1959-03-23'),(806,1105,231,55821.74,'1959-10-20'),(807,1109,563,277889.40,'1960-08-20'),(808,1358,505,272072.05,'1960-06-14'),(809,1470,205,178089.80,'1960-08-19'),(810,1784,515,214857.01,'1960-01-14'),(811,1993,830,454220.50,'1960-03-20'),(812,213,248,75323.43,'1960-07-06'),(813,241,928,111804.76,'1960-12-01'),(814,287,866,48738.77,'1960-10-14'),(815,278,63,145577.87,'1961-04-06'),(816,649,428,127238.53,'1960-07-25'),(817,757,243,151989.54,'1960-05-26'),(818,759,727,95598.92,'1960-02-15'),(819,827,830,170032.90,'1960-11-12'),(820,861,444,161041.95,'1961-05-21'),(821,850,408,155668.28,'1960-12-03'),(822,1110,12,195883.27,'1961-08-04'),(823,1111,731,184131.63,'1961-08-23'),(824,1474,955,36214.18,'1960-06-03'),(825,1471,103,279440.16,'1961-06-17'),(826,1472,896,113145.38,'1960-02-03'),(827,2098,14,93010.10,'1960-02-28'),(828,2086,598,157929.28,'1960-06-16'),(829,2093,697,148352.03,'1960-03-31'),(830,251,306,324035.62,'1962-04-04'),(831,555,363,43644.66,'1961-05-20'),(832,646,162,186299.35,'1961-04-07'),(833,653,488,514667.56,'1962-03-04'),(834,754,165,212186.40,'1962-01-30'),(835,767,125,55601.95,'1961-01-30'),(836,853,658,189500.88,'1961-08-11'),(837,1113,429,319989.44,'1961-12-19'),(838,1264,865,33507.30,'1961-01-13'),(839,1343,322,52827.73,'1961-05-08'),(840,1781,403,366772.27,'1962-01-22'),(841,2097,370,200042.84,'1961-05-01'),(842,24,644,259314.18,'1963-03-07'),(843,175,256,373082.71,'1963-07-30'),(844,312,858,143884.06,'1962-03-19'),(845,285,431,134149.50,'1962-11-01'),(846,447,429,201214.95,'1962-09-26'),(847,556,585,282987.93,'1962-09-27'),(848,678,624,179190.68,'1962-04-20'),(849,764,828,605704.02,'1963-06-12'),(850,894,508,265688.00,'1963-05-09'),(851,1136,453,188928.32,'1963-01-19'),(852,1138,260,262139.25,'1963-02-20'),(853,1086,227,238290.55,'1962-07-23'),(854,1361,293,35553.10,'1962-04-24'),(855,1478,173,278073.74,'1962-11-05'),(856,1469,429,243574.10,'1962-10-29'),(857,1780,628,544967.97,'1963-06-08'),(858,1870,816,290615.95,'1963-06-24'),(859,1917,833,217025.55,'1963-03-25'),(860,29,768,170404.48,'1963-04-29'),(861,23,841,136434.58,'1963-05-03'),(862,280,551,98778.70,'1964-05-15'),(863,528,553,449518.18,'1964-02-01'),(864,568,569,319365.53,'1964-05-26'),(865,734,694,250147.11,'1964-03-09'),(866,761,988,85407.45,'1963-06-08'),(867,1706,833,101626.07,'1963-09-14'),(868,1926,830,358872.41,'1964-05-02'),(869,1958,146,225853.04,'1963-11-23'),(870,2085,328,259469.48,'1964-07-29'),(871,2099,179,427449.80,'1963-10-05'),(872,32,585,272000.82,'1964-07-07'),(873,33,490,80272.02,'1964-09-30'),(874,333,377,197151.53,'1964-12-11'),(875,238,738,78181.56,'1964-11-04'),(876,284,573,413185.01,'1965-05-06'),(877,272,726,441228.70,'1965-08-12'),(878,562,382,272109.56,'1965-02-28'),(879,564,366,124363.65,'1964-05-03'),(880,768,830,170074.77,'1964-01-13'),(881,1265,188,34880.88,'1964-04-05'),(882,1347,637,204241.46,'1964-08-16'),(883,1871,873,305258.04,'1964-10-31'),(884,31,850,499649.70,'1966-01-27'),(885,332,28,169200.06,'1966-03-02'),(886,765,968,688178.36,'1966-07-12'),(887,766,705,130274.77,'1965-05-04'),(888,827,416,149817.57,'1965-06-01'),(889,960,223,205486.20,'1965-04-02'),(890,956,830,507183.79,'1966-04-13'),(891,1120,325,179332.56,'1966-07-12'),(892,1122,751,374867.66,'1965-09-10'),(893,1259,279,108189.85,'1965-04-03'),(894,1355,859,134405.92,'1965-06-08'),(895,1739,956,259662.36,'1966-02-24'),(896,1872,541,473312.82,'1965-09-28'),(897,169,957,350815.07,'1966-10-23'),(898,309,985,354251.23,'1966-06-02'),(899,444,672,229263.80,'1966-11-12'),(900,770,669,184549.46,'1966-08-31'),(901,906,380,193222.33,'1966-10-08'),(902,1150,386,145938.43,'1966-01-08'),(903,1034,711,276558.37,'1967-05-13'),(904,1077,833,187625.60,'1966-05-26'),(905,1113,416,434611.45,'1966-12-13'),(906,1118,388,546565.79,'1967-06-09'),(907,1260,150,330899.78,'1967-07-24'),(908,1462,387,231936.01,'1966-07-29'),(909,239,569,511253.82,'1967-08-28'),(910,507,429,701623.08,'1968-07-08'),(911,860,139,309385.50,'1967-07-22'),(912,1263,668,319637.71,'1968-01-21'),(913,1272,743,423235.21,'1968-02-19'),(914,1273,416,703808.03,'1968-02-06'),(915,1324,830,77614.83,'1967-07-01'),(916,1480,738,418484.03,'1968-05-03'),(917,1595,431,287698.79,'1967-03-28'),(918,1846,889,331817.80,'1967-07-07'),(919,567,404,215489.23,'1968-03-13'),(920,676,868,234337.17,'1968-02-05'),(921,748,209,453069.15,'1968-11-14'),(922,769,949,92049.98,'1968-05-15'),(923,759,830,269463.01,'1968-06-28'),(924,859,63,189872.84,'1968-07-01'),(925,956,756,264216.68,'1968-04-23'),(926,1146,831,651638.68,'1969-02-18'),(927,1073,527,232229.72,'1968-04-20'),(928,1352,144,265169.98,'1968-12-01'),(929,1349,418,502282.55,'1968-11-22'),(930,1466,651,287986.29,'1968-11-01'),(931,357,974,141009.38,'1970-06-04'),(932,237,791,903951.27,'1970-06-08'),(933,279,587,360315.57,'1969-04-22'),(934,411,807,922975.49,'1970-05-03'),(935,442,465,143266.91,'1969-03-01'),(936,559,316,544711.33,'1969-10-04'),(937,851,366,170958.14,'1969-01-29'),(938,984,703,174272.07,'1969-09-22'),(939,1142,760,194085.22,'1969-02-07'),(940,1154,140,72923.63,'1969-07-16'),(941,1262,469,431702.10,'1970-01-23'),(942,1324,416,195968.96,'1970-08-18'),(943,1597,749,961642.50,'1970-05-24'),(944,1787,522,70941.56,'1969-03-26'),(945,136,611,564020.60,'1971-08-15'),(946,358,684,234939.88,'1971-04-25'),(947,755,346,498848.67,'1970-06-16'),(948,982,992,796353.23,'1970-12-27'),(949,1155,50,590544.68,'1971-02-24'),(950,1027,830,341503.62,'1970-08-02'),(951,1113,665,246081.19,'1970-03-14'),(952,553,516,544742.03,'1971-12-22'),(953,566,457,286318.70,'1971-11-10'),(954,981,64,216078.89,'1972-05-18'),(955,986,353,519795.61,'1972-02-20'),(956,1143,601,248300.91,'1971-04-04'),(957,1112,797,549171.52,'1972-06-28'),(958,1243,254,311614.07,'1971-03-07'),(959,1258,588,955396.05,'1972-03-09'),(960,1468,676,909565.53,'1972-05-10'),(961,1783,157,297648.04,'1972-01-03'),(962,53,142,142932.35,'1972-08-05'),(963,135,476,143617.53,'1972-12-21'),(964,276,279,280768.74,'1972-04-17'),(965,771,485,524697.53,'1973-04-21'),(966,1153,303,697040.19,'1973-07-21'),(967,1500,103,612943.04,'1973-01-17'),(968,1565,9,623746.32,'1972-10-16'),(969,1871,416,305286.26,'1972-05-17'),(970,1875,562,256918.44,'1972-07-06'),(971,57,621,723370.14,'1973-11-26'),(972,48,452,294125.37,'1973-12-06'),(973,54,303,137691.03,'1974-02-13'),(974,137,159,396494.52,'1974-03-12'),(975,214,177,370172.33,'1973-03-19'),(976,281,803,1161044.97,'1974-06-02'),(977,282,429,458738.36,'1973-10-22'),(978,441,243,165848.73,'1973-03-16'),(979,569,15,133839.35,'1973-07-04'),(980,591,810,602291.70,'1973-07-25'),(981,582,926,247302.73,'1973-09-30'),(982,583,700,260151.43,'1974-08-08'),(983,756,462,504401.41,'1974-07-17'),(984,762,608,1057747.09,'1974-07-13'),(985,1135,377,107507.71,'1973-02-04'),(986,1050,954,305582.46,'1973-12-13'),(987,1877,384,200817.87,'1973-02-15'),(988,56,799,550861.79,'1974-12-27'),(989,51,470,397104.51,'1974-03-30'),(990,134,757,503120.71,'1975-05-26'),(991,335,313,166721.86,'1975-07-05'),(992,228,509,279634.69,'1974-07-15'),(993,550,421,99634.44,'1974-08-08'),(994,565,191,551033.32,'1974-08-25'),(995,587,366,92208.58,'1974-04-03'),(996,588,470,177734.36,'1974-03-07'),(997,760,974,257978.33,'1974-02-09'),(998,990,829,109085.89,'1974-07-14'),(999,983,54,615464.78,'1975-03-24'),(1000,1144,614,244307.76,'1975-04-12'),(1001,1145,697,558263.12,'1975-06-11'),(1002,1362,394,755321.07,'1974-12-13'),(1003,1508,51,102864.35,'1974-03-08'),(1004,1501,479,787671.65,'1975-07-14'),(1005,2097,830,1072874.21,'1975-08-01'),(1006,359,847,92776.06,'1975-06-15'),(1007,361,74,877044.96,'1976-02-26'),(1008,226,317,216692.70,'1975-12-08'),(1009,577,774,968163.93,'1976-07-26'),(1010,581,451,264737.50,'1975-02-17'),(1011,768,416,375329.57,'1975-02-27'),(1012,808,830,96320.70,'1975-01-19'),(1013,882,830,682776.19,'1975-10-04'),(1014,992,518,179856.36,'1975-08-06'),(1015,987,474,316305.14,'1975-08-26'),(1016,192,114,503419.11,'1977-06-29'),(1017,231,665,426340.92,'1977-08-18'),(1018,677,148,239162.94,'1976-03-06'),(1019,758,147,245922.83,'1976-01-25'),(1020,991,409,1019649.76,'1977-04-07'),(1021,1137,274,963743.57,'1977-06-24'),(1022,1148,421,1111394.96,'1977-05-12'),(1023,1158,830,299837.01,'1976-11-03'),(1024,1241,295,116309.95,'1976-08-02'),(1025,1777,173,570901.57,'1976-08-06'),(1026,1785,362,529074.62,'1976-06-13'),(1027,1959,322,242521.95,'1976-08-07'),(1028,2000,833,304524.24,'1976-04-04'),(1029,2129,830,223363.50,'1976-05-06'),(1030,58,526,293956.60,'1977-01-29'),(1031,106,830,688290.90,'1978-03-25'),(1032,560,437,482586.13,'1978-05-19'),(1033,589,667,628404.30,'1978-02-18'),(1034,683,175,391933.15,'1977-12-13'),(1035,1161,401,1046788.39,'1978-06-12'),(1036,1497,247,235107.72,'1977-04-29'),(1037,1504,515,590004.03,'1977-07-10'),(1038,2000,416,532532.96,'1977-09-27'),(1039,2023,830,280379.39,'1978-01-13'),(1040,59,955,227695.28,'1978-07-27'),(1041,133,484,327851.33,'1978-04-08'),(1042,227,938,382044.72,'1978-05-27'),(1043,590,805,127116.32,'1978-02-20'),(1044,579,679,177235.32,'1979-06-03'),(1045,680,836,336815.69,'1978-09-05'),(1046,682,447,198390.52,'1978-05-26'),(1047,988,109,705786.97,'1978-10-07'),(1048,1151,297,1183233.94,'1979-07-02'),(1049,1152,670,386442.08,'1978-04-27'),(1050,1147,144,786217.07,'1978-10-14'),(1051,1157,595,882789.98,'1979-02-03'),(1052,1160,770,912376.21,'1978-11-24'),(1053,1374,94,377598.69,'1979-03-04'),(1054,247,78,492783.02,'1980-04-10'),(1055,692,375,322448.50,'1979-07-04'),(1056,684,186,198557.54,'1979-11-01'),(1057,866,141,316190.19,'1979-06-21'),(1058,867,850,885040.32,'1979-12-18'),(1059,1054,830,117213.62,'1979-03-14'),(1060,1383,209,674883.52,'1980-03-23'),(1061,1389,109,347270.16,'1979-02-12'),(1062,1378,46,164492.85,'1979-07-04'),(1063,1596,190,1213488.28,'1980-08-05'),(1064,2129,416,636489.62,'1980-08-01'),(1065,19,549,656986.63,'1980-07-06'),(1066,49,698,241752.01,'1980-05-26'),(1067,219,74,356594.71,'1980-09-15'),(1068,222,499,240271.00,'1980-06-07'),(1069,688,586,950489.89,'1981-08-04'),(1070,686,45,652600.02,'1981-02-11'),(1071,768,756,823548.42,'1980-09-06'),(1072,852,429,797048.02,'1981-04-16'),(1073,1385,502,912039.26,'1981-07-05'),(1074,1388,621,244669.01,'1980-02-05'),(1075,1507,683,214549.60,'1980-04-11'),(1076,2090,274,781818.69,'1981-07-05'),(1077,224,397,411165.71,'1982-05-30'),(1078,443,866,387637.25,'1982-06-01'),(1079,456,441,260195.11,'1982-01-19'),(1080,690,889,1109094.40,'1982-02-12'),(1081,681,193,419514.04,'1981-04-18'),(1082,864,185,683736.24,'1981-08-18'),(1083,1158,416,128149.49,'1981-01-26'),(1084,1379,276,283509.67,'1981-05-16'),(1085,1499,429,185725.58,'1981-06-19'),(1086,1502,809,1282614.35,'1982-04-06'),(1087,229,786,295650.70,'1982-05-17'),(1088,234,255,1001023.64,'1982-12-15'),(1089,308,689,429544.67,'1982-02-26'),(1090,465,332,652320.99,'1983-04-16'),(1091,458,110,153253.39,'1982-09-16'),(1092,586,854,615295.89,'1983-06-18'),(1093,759,416,911399.39,'1983-08-10'),(1094,1162,540,812866.17,'1982-09-20'),(1095,1170,667,150175.22,'1982-02-02'),(1096,1244,647,133672.29,'1982-01-13'),(1097,1387,161,1063046.19,'1982-12-23'),(1098,1788,520,373098.23,'1982-07-13'),(1099,230,129,1003888.78,'1984-08-06'),(1100,578,292,1035047.48,'1984-04-22'),(1101,768,22,1303338.41,'1984-04-20'),(1102,1165,467,1028136.53,'1983-12-29'),(1103,1261,44,287616.86,'1983-05-31'),(1104,1509,338,641937.01,'1984-01-20'),(1105,1743,154,210098.84,'1983-06-02'),(1106,1744,111,592827.31,'1984-01-12'),(1107,2100,46,178424.84,'1983-03-24'),(1108,47,635,1119200.51,'1985-01-17'),(1109,221,194,892215.82,'1984-11-03'),(1110,468,62,597018.70,'1984-06-02'),(1111,563,571,91913.48,'1984-05-02'),(1112,1168,665,612665.89,'1985-03-30'),(1113,1169,510,138793.82,'1984-03-02'),(1114,1386,453,584365.19,'1984-07-11'),(1115,1572,830,121303.62,'1984-01-26'),(1116,1962,299,538253.65,'1984-10-25'),(1117,2102,585,350594.70,'1984-09-04'),(1118,60,273,483465.54,'1985-06-10'),(1119,61,645,811433.33,'1985-10-28'),(1120,52,786,473885.40,'1986-01-23'),(1121,360,995,100824.14,'1985-06-16'),(1122,223,776,144249.43,'1985-10-05'),(1123,466,385,1105582.79,'1986-04-29'),(1124,459,865,849195.85,'1986-01-31'),(1125,985,883,511251.45,'1985-07-19'),(1126,989,696,821089.38,'1985-09-06'),(1127,1391,26,1234098.03,'1986-08-21'),(1128,1505,839,986561.38,'1986-01-28'),(1129,1786,756,439307.96,'1985-06-16'),(1130,1965,725,776103.83,'1986-03-18'),(1131,2023,416,196825.31,'1985-07-08'),(1132,218,625,601508.74,'1986-08-11'),(1133,304,910,109143.99,'1986-01-10'),(1134,462,313,605142.77,'1986-07-13'),(1135,585,550,597835.55,'1987-06-05'),(1136,1166,589,791208.78,'1987-07-27'),(1137,1113,416,228158.68,'1986-01-04'),(1138,1745,172,621131.88,'1987-05-09'),(1139,1797,387,83004.39,'1986-01-05'),(1140,1971,962,1092681.09,'1987-06-19'),(1141,2037,694,182081.35,'1986-01-20'),(1142,274,359,695568.91,'1988-08-07'),(1143,460,264,830907.27,'1988-02-25'),(1144,651,831,146987.48,'1987-01-09'),(1145,787,401,744738.31,'1987-09-30'),(1146,865,68,373446.64,'1987-03-17'),(1147,1149,122,616676.52,'1987-11-17'),(1148,1167,841,655218.37,'1988-01-23'),(1149,1183,917,433134.60,'1987-11-13'),(1150,1185,20,158256.84,'1987-09-22'),(1151,1054,416,385573.23,'1988-08-03'),(1152,1085,830,485093.03,'1988-03-18'),(1153,1392,95,173889.76,'1987-09-06'),(1154,1746,888,68518.25,'1987-04-12'),(1155,1967,818,358795.46,'1987-04-07'),(1156,2105,134,1297424.61,'1988-07-02'),(1157,22,830,827230.40,'1989-04-21'),(1158,277,804,967457.55,'1989-05-18'),(1159,464,347,319953.89,'1988-01-17'),(1160,685,476,281061.86,'1989-04-01'),(1161,1356,191,329403.79,'1989-08-11'),(1162,1609,922,891769.02,'1989-02-28'),(1163,1498,138,1325733.51,'1989-08-01'),(1164,2000,665,360709.29,'1988-05-03'),(1165,193,953,98988.33,'1989-03-02'),(1166,457,111,104527.93,'1989-09-06'),(1167,908,217,296485.20,'1989-04-26'),(1168,1164,739,337208.92,'1989-10-16'),(1169,1182,887,573816.91,'1990-04-03'),(1170,1608,338,87652.87,'1989-03-20'),(1171,1610,590,397221.56,'1989-03-15'),(1172,1496,591,803210.25,'1989-10-11'),(1173,1742,447,475194.51,'1989-06-12'),(1174,1747,932,515423.50,'1990-01-22'),(1175,1876,224,664723.87,'1990-01-14'),(1176,1973,247,1054957.56,'1990-03-07'),(1177,2104,409,942635.04,'1990-08-22'),(1178,106,416,836607.45,'1991-08-02'),(1179,327,163,591940.05,'1991-05-30'),(1180,882,416,1051907.78,'1991-04-22'),(1181,1384,767,485938.02,'1990-09-02'),(1182,1611,504,271787.48,'1990-03-22'),(1183,1572,665,97281.74,'1990-01-04'),(1184,1796,949,361499.20,'1991-05-05'),(1185,1968,695,250204.53,'1990-03-13'),(1186,326,746,1020765.88,'1992-01-24'),(1187,1179,768,166839.65,'1991-05-15'),(1188,1181,607,314055.99,'1991-09-14'),(1189,1011,830,555693.13,'1991-10-25'),(1190,1598,97,544809.78,'1992-03-16'),(1191,1607,825,465530.43,'1991-04-27'),(1192,1605,881,49535.35,'1991-01-06'),(1193,1963,382,592204.96,'1992-03-23'),(1194,2000,416,572462.23,'1991-11-07'),(1195,2101,226,334185.59,'1991-05-24'),(1196,461,296,368033.07,'1992-04-11'),(1197,592,325,145707.68,'1992-03-28'),(1198,580,663,1310981.98,'1993-07-01'),(1199,689,963,591382.74,'1992-08-12'),(1200,744,830,852793.53,'1993-05-31'),(1201,1172,210,800905.35,'1993-05-25'),(1202,1113,329,525344.24,'1992-09-02'),(1203,1613,181,109740.22,'1992-05-05'),(1204,1603,529,764923.16,'1992-12-27'),(1205,1878,79,89690.57,'1992-07-06'),(1206,2051,426,379179.05,'1993-01-15'),(1207,2052,356,881563.23,'1993-02-12'),(1208,217,419,269953.52,'1993-06-07'),(1209,463,700,829112.19,'1994-05-10'),(1210,584,247,275850.58,'1993-01-12'),(1211,679,315,483241.63,'1994-04-01'),(1212,691,35,143125.43,'1993-02-07'),(1213,1085,22,422298.63,'1994-03-03'),(1214,1249,865,208762.65,'1993-08-05'),(1215,1350,830,214106.53,'1993-03-15'),(1216,1381,929,985424.59,'1994-08-20'),(1217,1614,430,212180.58,'1993-05-27'),(1218,1959,830,405223.47,'1994-05-03'),(1219,2038,102,1118154.76,'1994-04-08'),(1220,2049,163,263218.59,'1993-10-14'),(1221,2055,817,526612.83,'1994-01-07'),(1222,225,601,395165.15,'1995-04-08'),(1223,688,830,735580.98,'1995-05-17'),(1224,701,271,427591.84,'1994-04-29'),(1225,858,205,177582.90,'1994-07-25'),(1226,1173,794,1112443.05,'1995-06-18'),(1227,1011,416,860211.13,'1995-07-25'),(1228,1250,204,130254.88,'1994-02-08'),(1229,1279,956,348040.25,'1994-05-19'),(1230,1604,71,123417.96,'1994-05-14'),(1231,1966,6,598445.18,'1994-10-20'),(1232,2048,754,649281.93,'1995-07-24'),(1233,2056,72,1006364.73,'1995-05-16'),(1234,164,830,267241.26,'1995-04-27'),(1235,364,660,368283.93,'1996-05-24'),(1236,369,499,125571.57,'1995-02-12'),(1237,467,185,753486.20,'1996-06-08'),(1238,744,416,458740.03,'1995-08-12'),(1239,1174,646,329262.26,'1995-05-13'),(1240,1167,665,571285.67,'1996-01-20'),(1241,1251,13,642563.60,'1996-02-14'),(1242,1285,830,213041.38,'1996-03-06'),(1243,1276,753,335202.41,'1995-03-30'),(1244,1375,177,766209.56,'1996-07-09'),(1245,1612,399,289721.01,'1995-02-01'),(1246,1600,850,910029.52,'1996-07-25'),(1247,1748,703,543533.48,'1995-08-09'),(1248,1792,440,334954.30,'1995-06-28'),(1249,1878,665,63117.27,'1995-04-08'),(1250,1974,468,284856.16,'1995-10-24'),(1251,2041,516,673865.97,'1996-03-12'),(1252,22,665,746047.70,'1997-05-09'),(1253,688,665,500151.56,'1996-11-02'),(1254,703,454,106090.32,'1996-10-29'),(1255,1197,177,163469.94,'1996-03-13'),(1256,1242,337,379104.20,'1996-04-18'),(1257,1275,957,69780.28,'1996-02-06'),(1258,1380,189,823598.13,'1996-11-24'),(1259,1599,319,780388.24,'1997-03-12'),(1260,1686,444,572216.83,'1997-02-16'),(1261,1793,944,329141.14,'1997-02-22'),(1262,2044,641,499632.19,'1997-02-14'),(1263,2097,416,397766.83,'1996-05-03'),(1264,50,788,75961.99,'1997-01-26'),(1265,302,254,988947.16,'1998-08-07'),(1266,455,956,613397.96,'1998-04-05'),(1267,1180,821,386330.45,'1998-01-16'),(1268,1196,404,189421.53,'1997-07-19'),(1269,1088,830,234694.48,'1997-10-11'),(1270,1288,301,856545.61,'1998-01-07'),(1271,1290,996,49406.82,'1997-03-05'),(1272,1350,665,139647.93,'1997-01-04'),(1273,1606,416,374014.78,'1998-03-30'),(1274,1680,421,359569.54,'1997-06-05'),(1275,1682,411,771914.11,'1998-08-17'),(1276,1964,68,629050.44,'1997-12-18'),(1277,2050,775,282459.28,'1997-05-11'),(1278,2045,793,171280.78,'1998-01-12'),(1279,7,830,720018.75,'1999-06-25'),(1280,148,98,443582.66,'1998-06-01'),(1281,275,253,379989.37,'1998-11-23'),(1282,303,805,78473.57,'1998-07-11'),(1283,704,286,521240.83,'1998-07-17'),(1284,785,379,627504.23,'1999-04-16'),(1285,1280,513,282520.31,'1998-07-05'),(1286,1684,843,295591.28,'1998-07-27'),(1287,1798,433,458191.37,'1998-06-11'),(1288,1972,889,324343.34,'1999-01-01'),(1289,64,885,235246.31,'1999-08-04'),(1290,374,160,348581.46,'2000-03-08'),(1291,1176,975,515076.62,'1999-12-11'),(1292,1190,460,923853.26,'2000-02-28'),(1293,1289,691,309302.40,'1999-10-07'),(1294,1278,469,221288.05,'2000-05-20'),(1295,1517,143,315407.98,'1999-04-28'),(1296,1518,209,316668.66,'1999-04-01'),(1297,1685,592,800737.89,'1999-11-17'),(1298,1785,830,444881.31,'1999-05-21'),(1299,1799,816,186038.56,'1999-02-22'),(1300,1884,848,635178.28,'2000-02-22'),(1301,1885,779,232325.32,'1999-11-20'),(1302,63,514,339832.88,'2001-03-19'),(1303,198,635,369276.92,'2000-05-14'),(1304,371,721,820704.66,'2000-11-15'),(1305,695,571,182360.13,'2000-01-02'),(1306,698,992,328193.28,'2001-02-26'),(1307,1159,77,749129.10,'2001-02-10'),(1308,1088,665,393280.65,'2001-07-29'),(1309,1077,889,191331.25,'2000-03-04'),(1310,1521,411,532587.26,'2000-08-16'),(1311,1785,665,1100480.85,'2001-07-14'),(1312,2053,541,611387.45,'2000-09-14'),(1313,197,946,450454.37,'2001-10-28'),(1314,367,269,328389.04,'2001-12-05'),(1315,301,635,176449.00,'2002-02-18'),(1316,702,15,96729.73,'2001-09-20'),(1317,910,22,371210.67,'2002-01-25'),(1318,1027,416,606084.77,'2002-02-24'),(1319,1284,524,622645.58,'2001-09-22'),(1320,1287,257,710380.72,'2001-10-14'),(1321,1277,869,155630.88,'2001-07-01'),(1322,1282,129,114773.92,'2001-01-14'),(1323,1601,1,184368.67,'2001-02-07'),(1324,1503,808,278576.69,'2001-11-28'),(1325,1514,55,210928.61,'2001-05-06'),(1326,1795,532,266148.06,'2001-05-14'),(1327,1800,329,913484.59,'2002-03-28'),(1328,1895,757,220795.11,'2001-02-03'),(1329,1883,126,1148548.05,'2002-05-15'),(1330,1993,665,971260.72,'2002-02-24'),(1331,62,367,396145.65,'2002-09-02'),(1332,65,280,800138.68,'2003-02-24'),(1333,145,235,112160.99,'2002-01-11'),(1334,207,785,1097554.52,'2003-05-02'),(1335,372,485,413480.62,'2003-07-24'),(1336,763,329,169791.36,'2002-09-17'),(1337,896,830,580943.68,'2002-12-02'),(1338,1198,314,286873.50,'2003-01-30'),(1339,1189,756,638272.55,'2003-05-11'),(1340,1191,313,151050.95,'2002-08-17'),(1341,1281,78,295663.28,'2003-04-13'),(1342,1740,728,116032.40,'2002-06-16'),(1343,1894,594,700095.65,'2003-08-05'),(1344,1890,129,532408.25,'2002-06-27'),(1345,2104,830,584522.00,'2002-12-25'),(1346,142,255,117402.81,'2003-01-29'),(1347,202,973,936943.82,'2004-03-25'),(1348,368,655,435398.30,'2003-10-13'),(1349,896,665,384508.33,'2003-06-18'),(1350,1195,388,149589.44,'2004-01-01'),(1351,1199,349,445336.26,'2003-08-02'),(1352,1248,22,643405.95,'2003-08-15'),(1353,1286,227,228232.91,'2003-07-15'),(1354,1376,606,693406.87,'2004-07-09'),(1355,1683,430,785950.49,'2004-02-09'),(1356,1969,509,963685.63,'2004-02-08'),(1357,144,277,577089.96,'2004-08-19'),(1358,146,475,425972.96,'2005-06-04'),(1359,286,657,1131635.18,'2005-05-02'),(1360,706,121,567152.45,'2004-10-12'),(1361,808,665,303604.33,'2005-01-17'),(1362,1171,956,369224.88,'2005-02-21'),(1363,1515,280,528655.29,'2004-06-30'),(1364,1675,453,260316.88,'2004-02-28'),(1365,1926,416,239815.11,'2004-03-25'),(1366,305,397,1099822.50,'2006-05-09'),(1367,469,225,722882.56,'2006-05-28'),(1368,687,480,225194.02,'2005-05-25'),(1369,699,410,165455.70,'2005-02-27'),(1370,1184,281,404951.43,'2005-11-16'),(1371,1187,254,397331.06,'2005-07-18'),(1372,1377,729,1000314.26,'2006-03-29'),(1373,1412,605,171140.28,'2005-02-04'),(1374,1677,713,391663.39,'2005-05-07'),(1375,1778,846,160690.77,'2005-05-13'),(1376,2104,665,875589.15,'2006-08-21'),(1377,132,645,486160.64,'2006-05-12'),(1378,139,624,413723.55,'2006-10-19'),(1379,786,480,569766.03,'2007-01-03'),(1380,909,261,237095.41,'2006-04-14'),(1381,1177,559,458212.07,'2006-06-24'),(1382,1202,561,292857.07,'2006-11-28'),(1383,1077,665,599413.54,'2007-04-24'),(1384,1281,830,272888.80,'2007-02-08'),(1385,1512,482,732864.12,'2007-02-26'),(1386,1681,730,96388.12,'2006-03-01'),(1387,1779,973,567805.30,'2006-11-07'),(1388,1961,92,792595.11,'2007-01-15'),(1389,1970,450,265962.05,'2006-04-14'),(1390,2042,461,457235.74,'2006-08-05'),(1391,373,22,123489.81,'2007-02-21'),(1392,365,326,335187.45,'2007-04-10'),(1393,871,236,1093465.90,'2008-05-17'),(1394,1676,265,142116.49,'2007-01-19'),(1395,1892,271,560612.89,'2007-08-27'),(1396,1893,561,479014.79,'2008-02-09'),(1397,1889,918,909476.78,'2007-12-24'),(1398,2039,135,703917.83,'2008-03-23'),(1399,2040,95,168598.33,'2007-10-01'),(1400,206,183,714661.62,'2008-10-26'),(1401,201,388,551278.09,'2009-02-05'),(1402,696,581,721042.63,'2009-07-25'),(1403,1201,628,648880.20,'2009-02-17'),(1404,1206,169,486357.05,'2008-08-21'),(1405,1207,984,520494.57,'2008-08-04'),(1406,1208,847,697492.71,'2008-11-24'),(1407,1382,590,273217.53,'2008-09-20'),(1408,1415,910,580126.39,'2008-05-30'),(1409,1416,705,434394.95,'2008-12-19'),(1410,1408,146,690695.32,'2009-04-12'),(1411,1596,830,575045.57,'2008-08-11'),(1412,1780,830,504626.40,'2008-06-09'),(1413,140,279,493386.76,'2009-05-05'),(1414,478,558,487139.82,'2009-07-17'),(1415,705,450,496894.42,'2010-02-03'),(1416,874,319,456461.78,'2010-04-02'),(1417,1292,756,821067.19,'2010-03-12'),(1418,1438,702,403960.81,'2009-04-20'),(1419,1513,204,109386.42,'2009-01-11'),(1420,1794,958,401996.35,'2010-06-06'),(1421,1886,790,573097.92,'2009-12-09'),(1422,2054,823,637556.67,'2010-01-11'),(1423,196,686,1035625.88,'2011-03-14'),(1424,366,270,1128524.32,'2011-07-23'),(1425,479,188,512953.18,'2011-08-08'),(1426,476,948,252380.91,'2011-07-28'),(1427,700,495,269109.53,'2010-11-29'),(1428,1414,605,338941.06,'2011-06-28'),(1429,1418,598,591665.44,'2010-05-31'),(1430,1411,978,466553.14,'2010-08-15'),(1431,1687,875,536397.60,'2010-12-12'),(1432,1882,598,664501.04,'2011-04-10'),(1433,1887,16,123743.07,'2010-09-25'),(1434,206,830,706898.31,'2011-10-04'),(1435,481,187,666897.66,'2011-10-28'),(1436,482,57,337001.21,'2012-05-24'),(1437,713,263,892896.89,'2012-06-28'),(1438,715,800,409877.81,'2011-08-14'),(1439,1204,9,493420.69,'2011-10-15'),(1440,1209,569,722445.24,'2011-10-09'),(1441,1382,665,190838.21,'2011-05-08'),(1442,1407,880,662926.12,'2012-03-04'),(1443,1444,467,548734.75,'2011-06-24'),(1444,1447,217,547298.92,'2011-06-20'),(1445,1976,478,1156926.65,'2012-07-09'),(1446,2116,930,654280.17,'2012-06-21'),(1447,2120,996,555242.85,'2011-07-09'),(1448,473,540,187396.00,'2012-12-22'),(1449,714,726,366356.84,'2012-03-22'),(1450,806,830,555294.87,'2013-05-21'),(1451,1293,200,434928.53,'2012-03-26'),(1452,1448,450,654681.44,'2013-03-25'),(1453,1978,105,493693.90,'2012-08-16'),(1454,2118,408,313292.81,'2012-09-20'),(1455,2119,105,830130.95,'2013-03-07'),(1456,2110,195,343543.79,'2012-09-21'),(1457,143,52,159406.69,'2014-01-18'),(1458,203,826,699994.81,'2014-03-02'),(1459,694,466,262139.26,'2013-02-06'),(1460,697,1000,686968.45,'2013-12-23'),(1461,719,824,1250111.60,'2014-05-10'),(1462,710,799,203121.12,'2013-03-09'),(1463,711,251,90133.55,'2013-02-17'),(1464,1188,402,127921.92,'2013-02-27'),(1465,1405,474,882244.80,'2014-06-02'),(1466,1446,155,562590.97,'2013-11-23'),(1467,1758,453,418481.54,'2013-07-30'),(1468,1780,665,1048017.45,'2014-04-15'),(1469,1819,355,607003.38,'2013-09-23'),(1470,1808,698,221041.17,'2013-06-13'),(1471,1813,115,235497.79,'2013-06-11'),(1472,1896,693,452936.74,'2014-02-26'),(1473,1981,981,1278263.67,'2014-05-13'),(1474,1984,888,460792.15,'2014-01-19'),(1475,472,766,294369.98,'2014-05-26'),(1476,801,572,369291.90,'2014-07-04'),(1477,802,197,472754.82,'2015-06-15'),(1478,792,833,771788.93,'2015-01-08'),(1479,793,672,1297425.05,'2015-08-10'),(1480,1192,299,1305770.10,'2015-06-20'),(1481,1194,479,295635.62,'2014-05-27'),(1482,1211,977,89252.54,'2014-03-01'),(1483,1519,534,470045.30,'2014-04-10'),(1484,1979,987,231603.86,'2014-01-06'),(1485,55,187,1294601.99,'2016-08-08'),(1486,147,733,213880.93,'2015-06-10'),(1487,164,665,655218.16,'2016-02-27'),(1488,200,537,391050.88,'2015-09-22'),(1489,210,830,789300.03,'2015-10-12'),(1490,768,665,1355642.61,'2016-06-06'),(1491,788,842,430386.05,'2016-05-23'),(1492,796,779,417584.64,'2015-04-16'),(1493,806,665,638743.39,'2016-08-05'),(1494,1229,114,1118396.42,'2016-02-10'),(1495,1436,720,952818.62,'2015-12-12'),(1496,1441,166,509906.40,'2015-05-23'),(1497,1443,49,198188.58,'2015-01-24'),(1498,1629,7,258026.32,'2015-01-24'),(1499,1635,8,685380.71,'2016-07-03'),(1500,1596,665,1123609.01,'2016-06-14'),(1501,1817,982,158154.47,'2015-05-21'),(1502,1812,921,1326529.75,'2016-07-06'),(1503,2117,817,960741.42,'2016-05-10'),(1504,2108,172,401027.02,'2015-03-15'),(1505,2112,161,415539.84,'2016-05-18'),(1506,2113,706,734513.65,'2016-06-08'),(1507,2128,830,505957.34,'2015-04-29'),(1508,370,448,353729.81,'2017-02-10'),(1509,800,616,287762.44,'2016-11-26'),(1510,791,409,189884.14,'2017-01-19'),(1511,928,292,642379.23,'2016-05-31'),(1512,914,944,111321.12,'2016-06-29'),(1513,1220,637,385477.40,'2016-02-02'),(1514,1445,877,98117.16,'2016-04-10'),(1515,1506,660,245356.22,'2016-03-02'),(1516,1807,414,525816.51,'2017-02-27'),(1517,1809,393,361914.13,'2017-03-12'),(1518,1980,807,677714.37,'2016-10-08'),(1519,199,59,301997.63,'2017-02-16'),(1520,789,308,333588.48,'2017-04-05'),(1521,872,245,384348.36,'2017-11-22'),(1522,915,210,296977.75,'2017-06-14'),(1523,1077,59,812041.21,'2018-07-31'),(1524,1113,665,1054687.37,'2018-06-19'),(1525,1440,85,701927.62,'2018-02-07'),(1526,1640,170,215200.61,'2018-08-18'),(1527,1641,437,339440.59,'2017-05-15'),(1528,1643,199,181409.47,'2017-02-05'),(1529,2043,318,250714.68,'2017-06-25'),(1530,2107,600,248241.56,'2017-02-01'),(1531,790,71,634258.62,'2019-03-13'),(1532,794,334,81435.81,'2018-01-13'),(1533,873,835,519497.28,'2018-06-16'),(1534,925,1000,223095.55,'2019-07-01'),(1535,917,182,569427.58,'2019-04-27'),(1536,1154,830,193122.15,'2019-03-29'),(1537,1223,75,368862.49,'2019-02-13'),(1538,1224,573,902668.25,'2018-09-14'),(1539,1413,39,238060.33,'2018-11-22'),(1540,1551,830,745773.06,'2018-11-30'),(1541,1679,92,783237.08,'2018-10-12'),(1542,1815,878,527714.15,'2018-12-14'),(1543,1982,878,1027064.27,'2018-11-13'),(1544,2046,59,749524.39,'2018-09-10'),(1545,2115,144,163598.46,'2018-11-27'),(1546,7,665,817048.23,'2020-03-02'),(1547,220,44,328639.21,'2019-09-02'),(1548,470,384,1078494.64,'2019-11-30'),(1549,716,597,695275.20,'2020-06-29'),(1550,921,21,1044582.41,'2020-01-19'),(1551,916,917,178515.25,'2019-02-10'),(1552,1193,854,142733.04,'2019-08-19'),(1553,1228,22,570987.24,'2019-04-22'),(1554,1633,777,951277.13,'2019-09-12'),(1555,1818,267,751488.94,'2020-02-01'),(1556,1959,665,583658.13,'2020-07-22'),(1557,1983,240,85760.13,'2019-01-16'),(1558,2069,833,1571643.65,'2020-08-12'),(1559,195,269,237429.24,'2021-03-02'),(1560,712,416,967287.22,'2020-10-06'),(1561,769,830,406359.46,'2021-07-25'),(1562,1225,304,316461.94,'2020-02-26'),(1563,1602,646,529839.60,'2020-10-30'),(1564,1647,796,400905.76,'2020-02-07'),(1565,1820,143,635097.55,'2021-06-15'),(1566,1891,312,385067.81,'2020-02-15'),(1567,768,416,509058.71,'2021-02-23'),(1568,798,399,1326303.39,'2022-05-05'),(1569,924,723,535494.08,'2022-04-05'),(1570,1186,324,1422597.74,'2022-05-03'),(1571,1205,394,557381.63,'2021-04-27'),(1572,1316,372,239286.24,'2021-01-19'),(1573,1410,932,355059.82,'2022-07-21'),(1574,1439,674,261224.62,'2022-04-06'),(1575,1638,273,593554.34,'2021-05-27'),(1576,1642,365,230111.30,'2021-03-29'),(1577,1645,57,1610028.71,'2022-06-02'),(1578,1631,336,150028.42,'2021-02-10'),(1579,1529,147,1483438.95,'2022-03-04'),(1580,1571,830,280179.79,'2021-10-22'),(1581,1977,714,930224.13,'2022-01-15'),(1582,2114,997,608781.85,'2022-05-24'),(1583,2128,665,1624587.54,'2022-06-28'),(1584,395,602,410579.72,'2023-07-05'),(1585,383,604,89302.28,'2022-03-16'),(1586,387,840,988732.21,'2022-08-29'),(1587,610,852,625681.23,'2022-09-18'),(1588,611,475,335714.45,'2022-03-31'),(1589,648,830,488106.24,'2023-04-08'),(1590,717,249,1040321.74,'2022-11-09'),(1591,920,856,1460259.76,'2023-05-01'),(1592,1219,235,263950.74,'2023-01-22'),(1593,1222,961,751073.02,'2022-11-18'),(1594,1257,60,764955.07,'2023-06-29'),(1595,1283,59,1088519.42,'2023-03-14'),(1596,1317,114,789342.29,'2023-01-04'),(1597,1310,942,232619.07,'2022-02-11'),(1598,1314,296,1713322.23,'2023-05-24'),(1599,1644,462,454694.57,'2022-02-20'),(1600,1648,260,1392226.62,'2023-03-09'),(1601,1516,941,1407877.05,'2023-05-18'),(1602,1551,416,863362.92,'2022-11-25'),(1603,389,588,717587.07,'2024-01-16'),(1604,391,418,2043607.95,'2024-08-01'),(1605,480,579,838080.66,'2024-06-15'),(1606,483,628,994739.71,'2024-03-20'),(1607,474,503,577653.72,'2023-02-28'),(1608,477,513,1036049.34,'2023-12-01'),(1609,718,482,1232119.57,'2024-06-10'),(1610,807,830,883400.65,'2024-05-06'),(1611,912,212,1355327.92,'2024-04-20'),(1612,1307,178,654864.05,'2023-04-10'),(1613,1636,422,240837.46,'2023-08-15'),(1614,1637,360,508593.52,'2023-02-15'),(1615,1511,350,1539481.00,'2024-07-31'),(1616,1691,513,321974.76,'2023-09-30'),(1617,1811,678,759077.38,'2024-04-11');
/*!40000 ALTER TABLE `trade` ENABLE KEYS */;
UNLOCK TABLES;
/*!40103 SET TIME_ZONE=@OLD_TIME_ZONE */;

/*!40101 SET SQL_MODE=@OLD_SQL_MODE */;
/*!40014 SET FOREIGN_KEY_CHECKS=@OLD_FOREIGN_KEY_CHECKS */;
/*!40014 SET UNIQUE_CHECKS=@OLD_UNIQUE_CHECKS */;
/*!40101 SET CHARACTER_SET_CLIENT=@OLD_CHARACTER_SET_CLIENT */;
/*!40101 SET CHARACTER_SET_RESULTS=@OLD_CHARACTER_SET_RESULTS */;
/*!40101 SET COLLATION_CONNECTION=@OLD_COLLATION_CONNECTION */;
/*!40111 SET SQL_NOTES=@OLD_SQL_NOTES */;

-- Dump completed on 2023-09-13  8:26:39
